sklearn_dt_f1-micro	sklearn_dt_accuracy	sklearn_dt_time	sklearn_rf_f1-micro	sklearn_rf_accuracy	sklearn_rf_time	product_dt_f1-micro	product_dt_accuracy	product_dt_time	product_rf_f1-micro	product_rf_accuracy	product_rf_time	tangent_dt_f1-micro	tangent_dt_accuracy	tangent_dt_time	tangent_rf_f1-micro	tangent_rf_accuracy	tangent_rf_time	knn_f1-micro	knn_accuracy	knn_time	ps_perceptron_f1-micro	ps_perceptron_accuracy	ps_perceptron_time	ambient_mlp_f1-micro	ambient_mlp_accuracy	ambient_mlp_time	ambient_gnn_f1-micro	ambient_gnn_accuracy	ambient_gnn_time	kappa_gcn_f1-micro	kappa_gcn_accuracy	kappa_gcn_time	product_mlr_f1-micro	product_mlr_accuracy	product_mlr_time	signature	seed
0.395	0.395	0.0054051876068115234	0.385	0.385	0.027883529663085938	0.35	0.35	0.15484261512756348	0.33	0.33	0.48963212966918945	0.37	0.37	0.002131938934326172	0.36	0.36	0.029404401779174805	0.38	0.38	0.8134908676147461	0.16	0.16	0.024083375930786133	0.2	0.2	39.441083908081055	0.165	0.165	44.625027656555176	0.165	0.165	69.65037441253662	0.18	0.18	35.76715588569641	HH	0
0.335	0.335	0.0028009414672851562	0.375	0.375	0.02648448944091797	0.37	0.37	0.040651798248291016	0.42	0.42	0.4312443733215332	0.365	0.365	0.0021152496337890625	0.37	0.37	0.027395248413085938	0.37	0.37	0.0043947696685791016	0.185	0.185	0.01225900650024414	0.355	0.355	32.687471866607666	0.215	0.215	41.31801462173462	0.22	0.22	67.35112500190735	0.345	0.345	35.50418019294739	HH	1
0.37	0.37	0.0027306079864501953	0.36	0.36	0.027567625045776367	0.365	0.365	0.04186391830444336	0.4	0.4	0.46566057205200195	0.38	0.38	0.002036571502685547	0.415	0.415	0.027556896209716797	0.42	0.42	0.003598928451538086	0.155	0.155	0.012026548385620117	0.37	0.37	32.592002391815186	0.205	0.205	41.480836391448975	0.32	0.32	66.93535852432251	0.375	0.375	35.7439181804657	HH	2
0.38	0.38	0.002877473831176758	0.42	0.42	0.026812314987182617	0.37	0.37	0.034583330154418945	0.405	0.405	0.44652533531188965	0.38	0.38	0.002081632614135742	0.42	0.42	0.02689957618713379	0.44	0.44	0.00339508056640625	0.13	0.13	0.01204061508178711	0.265	0.265	32.9875226020813	0.19	0.19	41.210800886154175	0.2	0.2	67.57875943183899	0.29	0.29	36.270776987075806	HH	3
0.355	0.355	0.0027544498443603516	0.36	0.36	0.028095722198486328	0.34	0.34	0.041368722915649414	0.335	0.335	0.45365333557128906	0.38	0.38	0.0020444393157958984	0.385	0.385	0.027500391006469727	0.37	0.37	0.0034270286560058594	0.125	0.125	0.011997222900390625	0.245	0.245	32.638033390045166	0.245	0.245	41.15361309051514	0.265	0.265	67.2266697883606	0.255	0.255	36.172476053237915	HH	4
0.335	0.335	0.0029091835021972656	0.365	0.365	0.026730060577392578	0.36	0.36	0.040212392807006836	0.435	0.435	0.4555485248565674	0.345	0.345	0.0020809173583984375	0.385	0.385	0.0288999080657959	0.435	0.435	0.0034301280975341797	0.15	0.15	0.012327432632446289	0.295	0.295	32.58603596687317	0.255	0.255	41.44004583358765	0.24	0.24	67.53473091125488	0.3	0.3	35.878992557525635	HH	5
0.285	0.285	0.0028073787689208984	0.37	0.37	0.02663588523864746	0.285	0.285	0.0415034294128418	0.34	0.34	0.44698357582092285	0.315	0.315	0.002073049545288086	0.33	0.33	0.028034210205078125	0.38	0.38	0.0034182071685791016	0.14	0.14	0.011935949325561523	0.335	0.335	32.90358257293701	0.205	0.205	41.459147930145264	0.19	0.19	67.49975228309631	0.26	0.26	36.095898389816284	HH	6
0.385	0.385	0.0028111934661865234	0.325	0.325	0.028810739517211914	0.36	0.36	0.04233193397521973	0.395	0.395	0.4621095657348633	0.355	0.355	0.0022308826446533203	0.36	0.36	0.027391672134399414	0.405	0.405	0.0038030147552490234	0.205	0.205	0.012632369995117188	0.34	0.34	33.1631805896759	0.23	0.23	41.35257363319397	0.235	0.235	67.4517936706543	0.29	0.29	35.879199743270874	HH	7
0.4	0.4	0.002773284912109375	0.435	0.435	0.0265047550201416	0.41	0.41	0.039155006408691406	0.465	0.465	0.45372796058654785	0.435	0.435	0.0020461082458496094	0.465	0.465	0.14877891540527344	0.39	0.39	0.0036754608154296875	0.14	0.14	0.012148857116699219	0.37	0.37	32.501182079315186	0.27	0.27	41.13894033432007	0.325	0.325	67.1926896572113	0.36	0.36	35.88033080101013	HH	8
0.36	0.36	0.0028078556060791016	0.375	0.375	0.027154207229614258	0.35	0.35	0.039443254470825195	0.435	0.435	0.4221808910369873	0.345	0.345	0.0020618438720703125	0.38	0.38	0.027621746063232422	0.46	0.46	0.003421306610107422	0.19	0.19	0.012392759323120117	0.375	0.375	32.86455178260803	0.27	0.27	41.31713366508484	0.27	0.27	67.02479386329651	0.33	0.33	36.47532033920288	HH	9
0.385	0.385	0.002703428268432617	0.45	0.45	0.02755451202392578	0.405	0.405	0.0394597053527832	0.41	0.41	0.4385793209075928	0.415	0.415	0.0020971298217773438	0.445	0.445	0.026991605758666992	0.43	0.43	0.004194974899291992	0.27	0.27	0.012701034545898438	0.385	0.385	35.92985796928406	0.32	0.32	44.101500511169434	0.26	0.26	59.28028059005737	0.375	0.375	31.526314735412598	HE	10
0.29	0.29	0.002412557601928711	0.305	0.305	0.026918411254882812	0.275	0.275	0.03991508483886719	0.355	0.355	0.42214322090148926	0.33	0.33	0.0020592212677001953	0.35	0.35	0.029255390167236328	0.275	0.275	0.003062725067138672	0.18	0.18	0.012308120727539062	0.25	0.25	35.0615975856781	0.24	0.24	44.29824447631836	0.22	0.22	60.08739519119263	0.21	0.21	31.146722555160522	HE	11
0.355	0.355	0.0024466514587402344	0.34	0.34	0.027099132537841797	0.275	0.275	0.04296159744262695	0.35	0.35	0.45874834060668945	0.39	0.39	0.0020809173583984375	0.36	0.36	0.026639938354492188	0.365	0.365	0.0032143592834472656	0.21	0.21	0.012502193450927734	0.35	0.35	35.020305156707764	0.295	0.295	44.21159219741821	0.265	0.265	59.49401307106018	0.33	0.33	31.399938106536865	HE	12
0.27	0.27	0.0024738311767578125	0.315	0.315	0.027166366577148438	0.26	0.26	0.04102301597595215	0.32	0.32	0.41447949409484863	0.305	0.305	0.0021207332611083984	0.315	0.315	0.02711772918701172	0.34	0.34	0.002991914749145508	0.13	0.13	0.012151002883911133	0.215	0.215	34.91170787811279	0.165	0.165	43.964308977127075	0.165	0.165	59.77886343002319	0.195	0.195	31.108319520950317	HE	13
0.385	0.385	0.002462625503540039	0.46	0.46	0.026457786560058594	0.365	0.365	0.03678488731384277	0.48	0.48	0.435377836227417	0.41	0.41	0.00206756591796875	0.44	0.44	0.0272519588470459	0.465	0.465	0.0031363964080810547	0.12	0.12	0.012403249740600586	0.385	0.385	34.96695256233215	0.32	0.32	43.93565368652344	0.325	0.325	59.27166223526001	0.395	0.395	30.888103723526	HE	14
0.37	0.37	0.0023987293243408203	0.42	0.42	0.028130531311035156	0.345	0.345	0.03592705726623535	0.43	0.43	0.4034590721130371	0.39	0.39	0.0020406246185302734	0.405	0.405	0.02630162239074707	0.435	0.435	0.002965688705444336	0.27	0.27	0.01199650764465332	0.345	0.345	35.3661413192749	0.28	0.28	44.0155930519104	0.285	0.285	59.207202672958374	0.345	0.345	31.008362531661987	HE	15
0.375	0.375	0.002537250518798828	0.415	0.415	0.026456117630004883	0.41	0.41	0.04134488105773926	0.5	0.5	0.45252323150634766	0.425	0.425	0.002030611038208008	0.385	0.385	0.027811765670776367	0.485	0.485	0.002974987030029297	0.275	0.275	0.012004852294921875	0.325	0.325	35.26341199874878	0.28	0.28	43.91891670227051	0.3	0.3	59.32822895050049	0.325	0.325	31.132996559143066	HE	16
0.36	0.36	0.0024030208587646484	0.365	0.365	0.02634429931640625	0.395	0.395	0.03924870491027832	0.445	0.445	0.4393744468688965	0.36	0.36	0.002036571502685547	0.425	0.425	0.026915311813354492	0.38	0.38	0.003194093704223633	0.2	0.2	0.012475252151489258	0.295	0.295	34.975456953048706	0.3	0.3	44.5952250957489	0.24	0.24	59.251702547073364	0.275	0.275	30.992125988006592	HE	17
0.275	0.275	0.0024094581604003906	0.31	0.31	0.02629256248474121	0.32	0.32	0.041689157485961914	0.36	0.36	0.4186439514160156	0.34	0.34	0.002017974853515625	0.31	0.31	0.026297569274902344	0.32	0.32	0.0031375885009765625	0.085	0.085	0.012173652648925781	0.265	0.265	34.94119644165039	0.26	0.26	44.322943687438965	0.19	0.19	59.8250048160553	0.285	0.285	31.195165872573853	HE	18
0.4	0.4	0.002463817596435547	0.475	0.475	0.026794910430908203	0.435	0.435	0.04020571708679199	0.47	0.47	0.44488954544067383	0.43	0.43	0.002065896987915039	0.475	0.475	0.027934551239013672	0.49	0.49	0.003214120864868164	0.33	0.33	0.012223958969116211	0.405	0.405	34.98254370689392	0.32	0.32	44.371098041534424	0.275	0.275	59.40547847747803	0.405	0.405	31.04926371574402	HE	19
0.305	0.305	0.002978086471557617	0.29	0.29	0.027119874954223633	0.285	0.285	0.03505516052246094	0.275	0.275	0.38554930686950684	0.265	0.265	0.0020096302032470703	0.315	0.315	0.0269012451171875	0.325	0.325	0.0036842823028564453	0.165	0.165	0.018430233001708984	0.285	0.285	32.765119791030884	0.215	0.215	41.570804834365845	0.17	0.17	70.74437427520752	0.165	0.165	35.467926263809204	HS	20
0.345	0.345	0.0027456283569335938	0.385	0.385	0.02682042121887207	0.385	0.385	0.03747725486755371	0.38	0.38	0.4147062301635742	0.36	0.36	0.002063274383544922	0.365	0.365	0.02667999267578125	0.43	0.43	0.004301309585571289	0.215	0.215	0.012015581130981445	0.295	0.295	32.522732973098755	0.225	0.225	41.15212869644165	0.28	0.28	70.50277781486511	0.29	0.29	35.62139964103699	HS	21
0.405	0.405	0.0028417110443115234	0.48	0.48	0.030179738998413086	0.475	0.475	0.04193115234375	0.445	0.445	0.4546787738800049	0.425	0.425	0.002016782760620117	0.475	0.475	0.02660393714904785	0.495	0.495	0.0032188892364501953	0.195	0.195	0.012047767639160156	0.39	0.39	32.77078676223755	0.32	0.32	41.227906227111816	0.075	0.075	70.97453761100769	0.075	0.075	35.09246492385864	HS	22
0.27	0.27	0.0027914047241210938	0.335	0.335	0.027000904083251953	0.33	0.33	0.03991365432739258	0.335	0.335	0.45390748977661133	0.3	0.3	0.0020303726196289062	0.345	0.345	0.027361392974853516	0.315	0.315	0.003197193145751953	0.155	0.155	0.012027502059936523	0.245	0.245	32.59608864784241	0.215	0.215	41.21865272521973	0.155	0.155	70.54030871391296	0.26	0.26	35.764042139053345	HS	23
0.32	0.32	0.002796649932861328	0.305	0.305	0.028058290481567383	0.315	0.315	0.040907859802246094	0.33	0.33	0.480665922164917	0.31	0.31	0.002034425735473633	0.315	0.315	0.02740621566772461	0.25	0.25	0.004361867904663086	0.14	0.14	0.012328624725341797	0.27	0.27	32.84510397911072	0.18	0.18	41.29324388504028	0.2	0.2	70.63360214233398	0.165	0.165	35.481505155563354	HS	24
0.385	0.385	0.0027904510498046875	0.445	0.445	0.027339696884155273	0.4	0.4	0.0389864444732666	0.43	0.43	0.4288907051086426	0.395	0.395	0.0020308494567871094	0.445	0.445	0.02686309814453125	0.485	0.485	0.0030770301818847656	0.28	0.28	0.011850833892822266	0.42	0.42	32.85609316825867	0.195	0.195	41.792041540145874	0.14	0.14	70.46494054794312	0.14	0.14	35.49543809890747	HS	25
0.35	0.35	0.002857685089111328	0.38	0.38	0.02637505531311035	0.365	0.365	0.041922569274902344	0.41	0.41	0.4071950912475586	0.325	0.325	0.0020368099212646484	0.405	0.405	0.02677011489868164	0.385	0.385	0.003246307373046875	0.2	0.2	0.012336969375610352	0.335	0.335	32.928805112838745	0.19	0.19	41.341870069503784	0.1	0.1	70.7834243774414	0.275	0.275	35.450385093688965	HS	26
0.37	0.37	0.0028035640716552734	0.43	0.43	0.026732683181762695	0.365	0.365	0.038787126541137695	0.415	0.415	0.4141054153442383	0.38	0.38	0.0020232200622558594	0.405	0.405	0.027101993560791016	0.425	0.425	0.0032100677490234375	0.17	0.17	0.012181758880615234	0.315	0.315	32.52856492996216	0.23	0.23	40.74833106994629	0.225	0.225	70.86440896987915	0.105	0.105	35.58233428001404	HS	27
0.355	0.355	0.002789735794067383	0.38	0.38	0.027782678604125977	0.335	0.335	0.0370330810546875	0.345	0.345	0.4380970001220703	0.345	0.345	0.0020422935485839844	0.305	0.305	0.02670454978942871	0.35	0.35	0.0032014846801757812	0.175	0.175	0.012148380279541016	0.335	0.335	32.525036573410034	0.22	0.22	41.10270643234253	0.03	0.03	70.31610870361328	0.03	0.03	35.569987058639526	HS	28
0.285	0.285	0.002778768539428711	0.335	0.335	0.026781082153320312	0.34	0.34	0.037251949310302734	0.39	0.39	0.4243001937866211	0.315	0.315	0.002061128616333008	0.335	0.335	0.02702617645263672	0.35	0.35	0.0032477378845214844	0.32	0.32	0.012247085571289062	0.31	0.31	32.903570890426636	0.26	0.26	41.322774171829224	0.105	0.105	70.18523502349854	0.265	0.265	35.62126064300537	HS	29
0.275	0.275	0.002844572067260742	0.34	0.34	0.026160478591918945	0.32	0.32	0.039556264877319336	0.365	0.365	0.43548059463500977	0.28	0.28	0.002080202102661133	0.345	0.345	0.027462005615234375	0.365	0.365	0.0031821727752685547	0.235	0.235	0.011767387390136719	0.295	0.295	32.617445945739746	0.27	0.27	41.52887582778931	0.07	0.07	75.12660479545593	0.07	0.07	35.887259006500244	SS	30
0.27	0.27	0.0027430057525634766	0.305	0.305	0.027436494827270508	0.29	0.29	0.03689432144165039	0.305	0.305	0.4141414165496826	0.3	0.3	0.002039194107055664	0.28	0.28	0.026825428009033203	0.34	0.34	0.002889394760131836	0.21	0.21	0.012010335922241211	0.275	0.275	32.46947979927063	0.205	0.205	40.94908785820007	0.08	0.08	75.45602130889893	0.08	0.08	35.14451241493225	SS	31
0.345	0.345	0.0028443336486816406	0.44	0.44	0.02697134017944336	0.4	0.4	0.03647565841674805	0.405	0.405	0.4263179302215576	0.385	0.385	0.002080202102661133	0.425	0.425	0.027631521224975586	0.455	0.455	0.002893686294555664	0.24	0.24	0.014085769653320312	0.365	0.365	32.807823181152344	0.3	0.3	41.22287726402283	0.3	0.3	74.04718661308289	0.3	0.3	35.2730507850647	SS	32
0.31	0.31	0.002819538116455078	0.34	0.34	0.026611328125	0.32	0.32	0.03929615020751953	0.345	0.345	0.4570620059967041	0.31	0.31	0.0020711421966552734	0.355	0.355	0.028218746185302734	0.4	0.4	0.003003358840942383	0.205	0.205	0.012325525283813477	0.26	0.26	32.87819743156433	0.22	0.22	41.30718278884888	0.21	0.21	74.55479073524475	0.175	0.175	35.48525547981262	SS	33
0.335	0.335	0.002757549285888672	0.335	0.335	0.027965068817138672	0.31	0.31	0.03843069076538086	0.365	0.365	0.4238109588623047	0.325	0.325	0.0020415782928466797	0.37	0.37	0.026807069778442383	0.31	0.31	0.002940654754638672	0.305	0.305	0.011780738830566406	0.315	0.315	32.68195629119873	0.25	0.25	41.160770654678345	0.13	0.13	75.07776999473572	0.13	0.13	35.107661724090576	SS	34
0.39	0.39	0.002879619598388672	0.38	0.38	0.027354001998901367	0.405	0.405	0.03966474533081055	0.395	0.395	0.4375596046447754	0.39	0.39	0.0021190643310546875	0.39	0.39	0.02664470672607422	0.375	0.375	0.0029633045196533203	0.26	0.26	0.01181936264038086	0.365	0.365	33.51529574394226	0.235	0.235	40.9564049243927	0.11	0.11	75.27554988861084	0.11	0.11	35.40612244606018	SS	35
0.315	0.315	0.0027496814727783203	0.34	0.34	0.02837991714477539	0.33	0.33	0.0387578010559082	0.39	0.39	0.43822240829467773	0.345	0.345	0.0020265579223632812	0.31	0.31	0.026947975158691406	0.375	0.375	0.002900362014770508	0.235	0.235	0.01194620132446289	0.245	0.245	32.98829936981201	0.2	0.2	41.43609857559204	0.185	0.185	74.85534715652466	0.115	0.115	35.31633162498474	SS	36
0.35	0.35	0.002773761749267578	0.31	0.31	0.028625011444091797	0.29	0.29	0.0395817756652832	0.34	0.34	0.4428281784057617	0.275	0.275	0.0020444393157958984	0.33	0.33	0.026884794235229492	0.285	0.285	0.0030672550201416016	0.18	0.18	0.012347698211669922	0.265	0.265	32.51370549201965	0.21	0.21	41.06511306762695	0.11	0.11	74.84372425079346	0.11	0.11	35.386842250823975	SS	37
0.365	0.365	0.0027899742126464844	0.43	0.43	0.027707338333129883	0.33	0.33	0.03757143020629883	0.43	0.43	0.4419069290161133	0.38	0.38	0.0020437240600585938	0.415	0.415	0.026725053787231445	0.41	0.41	0.0029556751251220703	0.32	0.32	0.011808633804321289	0.35	0.35	33.0848274230957	0.295	0.295	41.16894817352295	0.045	0.045	75.08630013465881	0.045	0.045	35.21462965011597	SS	38
0.325	0.325	0.002777576446533203	0.315	0.315	0.027464628219604492	0.32	0.32	0.04220890998840332	0.335	0.335	0.44795942306518555	0.35	0.35	0.0020837783813476562	0.35	0.35	0.027543067932128906	0.34	0.34	0.002817869186401367	0.32	0.32	0.01318979263305664	0.315	0.315	32.42047929763794	0.285	0.285	41.193700075149536	0.205	0.205	75.17384886741638	0.205	0.205	35.72118878364563	SS	39
0.355	0.355	0.0024242401123046875	0.355	0.355	0.026845932006835938	0.32	0.32	0.032991886138916016	0.395	0.395	0.3757338523864746	0.355	0.355	0.0020444393157958984	0.375	0.375	0.027333736419677734	0.32	0.32	0.0027790069580078125	0.32	0.32	0.011661767959594727	0.3	0.3	34.984883546829224	0.295	0.295	44.40806198120117	0.12	0.12	63.204341888427734	0.24	0.24	31.00587224960327	SE	40
0.34	0.34	0.0024003982543945312	0.375	0.375	0.02777862548828125	0.32	0.32	0.038668155670166016	0.37	0.37	0.44199585914611816	0.3	0.3	0.0020456314086914062	0.38	0.38	0.027163028717041016	0.38	0.38	0.002991199493408203	0.28	0.28	0.01209115982055664	0.29	0.29	35.130781173706055	0.22	0.22	44.14784097671509	0.225	0.225	63.78071188926697	0.16	0.16	31.04407525062561	SE	41
0.27	0.27	0.002443075180053711	0.325	0.325	0.027904987335205078	0.31	0.31	0.037165164947509766	0.345	0.345	0.41837096214294434	0.25	0.25	0.0020241737365722656	0.3	0.3	0.02715015411376953	0.37	0.37	0.0026793479919433594	0.16	0.16	0.011381387710571289	0.27	0.27	34.768325090408325	0.255	0.255	44.28567600250244	0.235	0.235	63.260231256484985	0.175	0.175	31.04692029953003	SE	42
0.34	0.34	0.002401590347290039	0.355	0.355	0.027255773544311523	0.32	0.32	0.03832840919494629	0.395	0.395	0.434612512588501	0.33	0.33	0.0020334720611572266	0.42	0.42	0.02624654769897461	0.355	0.355	0.0029582977294921875	0.25	0.25	0.012044429779052734	0.285	0.285	35.22567319869995	0.235	0.235	44.18987226486206	0.245	0.245	63.31666135787964	0.2	0.2	30.837555646896362	SE	43
0.365	0.365	0.0023810863494873047	0.395	0.395	0.027791500091552734	0.295	0.295	0.03966784477233887	0.34	0.34	0.4390568733215332	0.37	0.37	0.0020363330841064453	0.37	0.37	0.026897668838500977	0.41	0.41	0.0028533935546875	0.24	0.24	0.012020587921142578	0.33	0.33	35.02272272109985	0.3	0.3	44.60886788368225	0.3	0.3	63.285260915756226	0.105	0.105	31.437631607055664	SE	44
0.38	0.38	0.002441883087158203	0.385	0.385	0.028073787689208984	0.3	0.3	0.04035639762878418	0.44	0.44	0.4552910327911377	0.305	0.305	0.002049684524536133	0.42	0.42	0.026520967483520508	0.37	0.37	0.0028531551361083984	0.315	0.315	0.012199640274047852	0.31	0.31	35.063727617263794	0.235	0.235	44.697918176651	0.195	0.195	63.58521342277527	0.155	0.155	31.09247374534607	SE	45
0.315	0.315	0.0024116039276123047	0.34	0.34	0.02663707733154297	0.305	0.305	0.03915691375732422	0.33	0.33	0.4215245246887207	0.33	0.33	0.001999378204345703	0.305	0.305	0.028522729873657227	0.26	0.26	0.0028684139251708984	0.255	0.255	0.012102842330932617	0.265	0.265	35.38426327705383	0.25	0.25	44.58552622795105	0.285	0.285	63.45037221908569	0.3	0.3	30.75492548942566	SE	46
0.37	0.37	0.0024204254150390625	0.42	0.42	0.02658700942993164	0.345	0.345	0.036454200744628906	0.43	0.43	0.4133477210998535	0.395	0.395	0.002037525177001953	0.435	0.435	0.027542591094970703	0.375	0.375	0.0028574466705322266	0.34	0.34	0.011407136917114258	0.32	0.32	35.08981466293335	0.27	0.27	44.32251858711243	0.135	0.135	63.523720264434814	0.135	0.135	30.946088314056396	SE	47
0.295	0.295	0.0024344921112060547	0.34	0.34	0.026555776596069336	0.32	0.32	0.03833174705505371	0.325	0.325	0.4589722156524658	0.36	0.36	0.002035856246948242	0.37	0.37	0.026409149169921875	0.395	0.395	0.0032308101654052734	0.135	0.135	0.01809859275817871	0.24	0.24	35.22148513793945	0.265	0.265	44.41226363182068	0.115	0.115	63.22249746322632	0.24	0.24	30.676597595214844	SE	48
0.295	0.295	0.0024766921997070312	0.365	0.365	0.026349306106567383	0.335	0.335	0.03824734687805176	0.35	0.35	0.43796300888061523	0.365	0.365	0.002052783966064453	0.355	0.355	0.0277557373046875	0.355	0.355	0.003072500228881836	0.285	0.285	0.012078046798706055	0.36	0.36	35.22141742706299	0.35	0.35	44.289297103881836	0.345	0.345	63.325459718704224	0.035	0.035	30.837124824523926	SE	49
0.315	0.315	0.002644062042236328	0.34	0.34	0.02797722816467285	0.4	0.4	0.04172968864440918	0.44	0.44	0.45201921463012695	0.3	0.3	0.0020508766174316406	0.36	0.36	0.027757644653320312	0.475	0.475	0.003798246383666992	0.13	0.13	0.011789560317993164	0.295	0.295	35.00966191291809	0.205	0.205	43.798354387283325	0.145	0.145	39.164652824401855	0.29	0.29	22.45507049560547	H	50
0.44	0.44	0.0024514198303222656	0.425	0.425	0.027428150177001953	0.385	0.385	0.04107356071472168	0.525	0.525	0.44350743293762207	0.46	0.46	0.0020558834075927734	0.44	0.44	0.026700973510742188	0.445	0.445	0.0027382373809814453	0.185	0.185	0.012056589126586914	0.315	0.315	34.35001492500305	0.12	0.12	44.317594051361084	0.155	0.155	38.95432376861572	0.315	0.315	22.553980588912964	H	51
0.355	0.355	0.002465963363647461	0.385	0.385	0.026324987411499023	0.405	0.405	0.03965878486633301	0.435	0.435	0.43758463859558105	0.38	0.38	0.0020072460174560547	0.415	0.415	0.027560949325561523	0.47	0.47	0.002801656723022461	0.135	0.135	0.011762380599975586	0.305	0.305	34.921478033065796	0.245	0.245	44.011698722839355	0.29	0.29	39.44412446022034	0.385	0.385	22.773982048034668	H	52
0.305	0.305	0.0025022029876708984	0.365	0.365	0.028187036514282227	0.335	0.335	0.03689408302307129	0.375	0.375	0.4411156177520752	0.31	0.31	0.002085447311401367	0.38	0.38	0.026123046875	0.465	0.465	0.0028526782989501953	0.135	0.135	0.011821746826171875	0.26	0.26	34.94404458999634	0.1	0.1	44.429691314697266	0.225	0.225	38.85436773300171	0.3	0.3	22.45832633972168	H	53
0.44	0.44	0.0023949146270751953	0.475	0.475	0.02679753303527832	0.47	0.47	0.04027366638183594	0.545	0.545	0.43454837799072266	0.475	0.475	0.0020503997802734375	0.475	0.475	0.026332378387451172	0.545	0.545	0.0030059814453125	0.19	0.19	0.012307882308959961	0.395	0.395	34.59975504875183	0.165	0.165	44.4522225856781	0.3	0.3	38.94799089431763	0.395	0.395	22.528568267822266	H	54
0.305	0.305	0.0023741722106933594	0.38	0.38	0.02718067169189453	0.335	0.335	0.03786659240722656	0.465	0.465	0.44609856605529785	0.4	0.4	0.0020372867584228516	0.41	0.41	0.0288236141204834	0.425	0.425	0.0028166770935058594	0.205	0.205	0.011613845825195312	0.305	0.305	35.00085234642029	0.04	0.04	44.08695864677429	0.25	0.25	39.034695625305176	0.335	0.335	22.77213454246521	H	55
0.335	0.335	0.0028192996978759766	0.405	0.405	0.0269317626953125	0.38	0.38	0.03847146034240723	0.48	0.48	0.4118332862854004	0.38	0.38	0.002033710479736328	0.42	0.42	0.026763200759887695	0.445	0.445	0.0028009414672851562	0.145	0.145	0.01172637939453125	0.385	0.385	34.94205689430237	0.145	0.145	44.968466997146606	0.315	0.315	39.205304861068726	0.345	0.345	22.63901448249817	H	56
0.255	0.255	0.002376556396484375	0.325	0.325	0.027493000030517578	0.32	0.32	0.04212832450866699	0.34	0.34	0.4550457000732422	0.28	0.28	0.0020294189453125	0.34	0.34	0.026662826538085938	0.375	0.375	0.002836942672729492	0.18	0.18	0.011932849884033203	0.285	0.285	34.91991400718689	0.215	0.215	44.57688856124878	0.16	0.16	39.30108976364136	0.31	0.31	22.540767192840576	H	57
0.46	0.46	0.002604961395263672	0.465	0.465	0.027521133422851562	0.49	0.49	0.042523860931396484	0.54	0.54	0.43510866165161133	0.505	0.505	0.002070188522338867	0.49	0.49	0.028307676315307617	0.495	0.495	0.002735614776611328	0.41	0.41	0.01180887222290039	0.485	0.485	34.94756007194519	0.355	0.355	44.20150184631348	0.41	0.41	39.25739765167236	0.505	0.505	22.59144616127014	H	58
0.26	0.26	0.002498626708984375	0.35	0.35	0.026593923568725586	0.38	0.38	0.03904986381530762	0.375	0.375	0.44678735733032227	0.35	0.35	0.0020377635955810547	0.405	0.405	0.027065753936767578	0.39	0.39	0.002732992172241211	0.175	0.175	0.01178431510925293	0.32	0.32	34.64520335197449	0.21	0.21	44.40317940711975	0.245	0.245	38.960264682769775	0.27	0.27	22.837203979492188	H	59
0.245	0.245	0.002054452896118164	0.285	0.285	0.02700042724609375	0.255	0.255	0.039179325103759766	0.33	0.33	0.4322185516357422	0.245	0.245	0.0020599365234375	0.285	0.285	0.029121875762939453	0.315	0.315	0.0022859573364257812	0.24	0.24	0.014049530029296875	0.315	0.315	35.062352657318115	0.27	0.27	44.29955744743347	0.27	0.27	31.043875455856323	0.31	0.31	18.12320613861084	E	60
0.36	0.36	0.0020198822021484375	0.395	0.395	0.02627849578857422	0.27	0.27	0.04077005386352539	0.39	0.39	0.41767430305480957	0.36	0.36	0.0020232200622558594	0.395	0.395	0.027195215225219727	0.375	0.375	0.002420186996459961	0.205	0.205	0.01722550392150879	0.275	0.275	35.07606339454651	0.17	0.17	44.26304388046265	0.165	0.165	31.14706063270569	0.285	0.285	17.900071382522583	E	61
0.29	0.29	0.002083301544189453	0.33	0.33	0.02674269676208496	0.32	0.32	0.03878450393676758	0.325	0.325	0.4365806579589844	0.295	0.295	0.002048015594482422	0.33	0.33	0.026853322982788086	0.325	0.325	0.0024788379669189453	0.195	0.195	0.011668205261230469	0.285	0.285	34.97044491767883	0.24	0.24	44.41741418838501	0.225	0.225	31.17159152030945	0.28	0.28	18.152162551879883	E	62
0.31	0.31	0.00206756591796875	0.345	0.345	0.026415586471557617	0.335	0.335	0.038038015365600586	0.3	0.3	0.4240102767944336	0.315	0.315	0.002053976058959961	0.345	0.345	0.026324748992919922	0.315	0.315	0.002699613571166992	0.145	0.145	0.011891603469848633	0.265	0.265	35.03278088569641	0.22	0.22	44.19767999649048	0.22	0.22	31.179859161376953	0.275	0.275	17.785128593444824	E	63
0.315	0.315	0.0020589828491210938	0.3	0.3	0.02737736701965332	0.27	0.27	0.03839516639709473	0.32	0.32	0.4156210422515869	0.315	0.315	0.0020453929901123047	0.3	0.3	0.02758932113647461	0.37	0.37	0.002493143081665039	0.175	0.175	0.01161503791809082	0.27	0.27	35.28561019897461	0.25	0.25	44.35077238082886	0.225	0.225	31.194138526916504	0.285	0.285	17.702698230743408	E	64
0.375	0.375	0.002049684524536133	0.45	0.45	0.027158260345458984	0.405	0.405	0.03936004638671875	0.405	0.405	0.4384441375732422	0.375	0.375	0.0020360946655273438	0.45	0.45	0.02666187286376953	0.345	0.345	0.0024428367614746094	0.38	0.38	0.011661052703857422	0.39	0.39	34.90182709693909	0.4	0.4	44.29789710044861	0.405	0.405	31.33260703086853	0.385	0.385	17.55873203277588	E	65
0.35	0.35	0.0021157264709472656	0.36	0.36	0.028104305267333984	0.355	0.355	0.0404055118560791	0.39	0.39	0.4276607036590576	0.34	0.34	0.0020847320556640625	0.36	0.36	0.026946306228637695	0.405	0.405	0.0024499893188476562	0.245	0.245	0.011834859848022461	0.37	0.37	34.90395665168762	0.33	0.33	44.6637749671936	0.335	0.335	31.03177547454834	0.37	0.37	17.77027654647827	E	66
0.35	0.35	0.0021736621856689453	0.395	0.395	0.026384830474853516	0.37	0.37	0.03534674644470215	0.395	0.395	0.41245245933532715	0.35	0.35	0.002061128616333008	0.395	0.395	0.027592182159423828	0.365	0.365	0.0024709701538085938	0.235	0.235	0.01588916778564453	0.275	0.275	34.899380922317505	0.26	0.26	44.09522008895874	0.255	0.255	31.048328161239624	0.27	0.27	17.658119916915894	E	67
0.405	0.405	0.0020897388458251953	0.44	0.44	0.0269773006439209	0.39	0.39	0.03802943229675293	0.425	0.425	0.43334078788757324	0.405	0.405	0.0020551681518554688	0.44	0.44	0.02673625946044922	0.415	0.415	0.0024619102478027344	0.395	0.395	0.011615514755249023	0.355	0.355	35.07882070541382	0.215	0.215	44.705026388168335	0.21	0.21	31.440610647201538	0.35	0.35	17.897648572921753	E	68
0.4	0.4	0.00203704833984375	0.415	0.415	0.027231693267822266	0.35	0.35	0.04053616523742676	0.41	0.41	0.4536302089691162	0.4	0.4	0.0020172595977783203	0.415	0.415	0.028140783309936523	0.43	0.43	0.0024967193603515625	0.185	0.185	0.011900186538696289	0.26	0.26	35.14549398422241	0.33	0.33	44.38932180404663	0.32	0.32	31.313764810562134	0.255	0.255	18.071697235107422	E	69
0.29	0.29	0.002425670623779297	0.28	0.28	0.027014493942260742	0.25	0.25	0.036455631256103516	0.3	0.3	0.40096139907836914	0.18	0.18	0.0021104812622070312	0.305	0.305	0.027466297149658203	0.27	0.27	0.002537250518798828	0.125	0.125	0.011683225631713867	0.215	0.215	34.84929895401001	0.26	0.26	44.22395157814026	0.155	0.155	43.08650279045105	0.195	0.195	22.443876028060913	S	70
0.215	0.215	0.002507448196411133	0.26	0.26	0.026545047760009766	0.255	0.255	0.0389399528503418	0.29	0.29	0.4299309253692627	0.23	0.23	0.002071380615234375	0.25	0.25	0.026610851287841797	0.315	0.315	0.0024976730346679688	0.13	0.13	0.012077093124389648	0.14	0.14	34.80507564544678	0.24	0.24	44.151129722595215	0.185	0.185	43.084704875946045	0.06	0.06	22.418025493621826	S	71
0.205	0.205	0.002486705780029297	0.23	0.23	0.026416301727294922	0.27	0.27	0.038460731506347656	0.28	0.28	0.42928218841552734	0.195	0.195	0.0021245479583740234	0.23	0.23	0.02671337127685547	0.295	0.295	0.0024442672729492188	0.13	0.13	0.011675119400024414	0.175	0.175	34.7703640460968	0.185	0.185	44.29345703125	0.17	0.17	42.91766571998596	0.17	0.17	22.6063072681427	S	72
0.35	0.35	0.0024590492248535156	0.31	0.31	0.02658867835998535	0.29	0.29	0.03866863250732422	0.355	0.355	0.40982818603515625	0.285	0.285	0.0021314620971679688	0.295	0.295	0.028070688247680664	0.28	0.28	0.0025911331176757812	0.155	0.155	0.011660099029541016	0.26	0.26	34.833027601242065	0.28	0.28	44.21854496002197	0.175	0.175	43.12403059005737	0.13	0.13	22.517930030822754	S	73
0.16	0.16	0.0024247169494628906	0.22	0.22	0.027189970016479492	0.28	0.28	0.04015088081359863	0.25	0.25	0.4268202781677246	0.195	0.195	0.0020651817321777344	0.26	0.26	0.026707172393798828	0.315	0.315	0.002537250518798828	0.165	0.165	0.012500762939453125	0.17	0.17	35.07979869842529	0.2	0.2	44.24889349937439	0.19	0.19	43.38572406768799	0.14	0.14	22.372743129730225	S	74
0.225	0.225	0.0024433135986328125	0.265	0.265	0.027135133743286133	0.29	0.29	0.03854966163635254	0.285	0.285	0.433391809463501	0.205	0.205	0.002094268798828125	0.225	0.225	0.027134418487548828	0.345	0.345	0.0026574134826660156	0.19	0.19	0.012680530548095703	0.165	0.165	34.77427840232849	0.195	0.195	44.07248497009277	0.15	0.15	43.242056369781494	0.14	0.14	22.504159212112427	S	75
0.175	0.175	0.0025529861450195312	0.225	0.225	0.028797626495361328	0.215	0.215	0.03723740577697754	0.24	0.24	0.44213414192199707	0.205	0.205	0.0020902156829833984	0.24	0.24	0.026291847229003906	0.265	0.265	0.002529144287109375	0.15	0.15	0.011781692504882812	0.23	0.23	35.486247539520264	0.24	0.24	44.266631841659546	0.195	0.195	43.33929920196533	0.2	0.2	22.683796405792236	S	76
0.215	0.215	0.0026552677154541016	0.25	0.25	0.026472806930541992	0.215	0.215	0.03835773468017578	0.245	0.245	0.41472840309143066	0.195	0.195	0.0020728111267089844	0.215	0.215	0.02675008773803711	0.335	0.335	0.0024323463439941406	0.18	0.18	0.011709451675415039	0.23	0.23	35.17295980453491	0.115	0.115	44.5022931098938	0.155	0.155	43.300886392593384	0.23	0.23	22.712735891342163	S	77
0.275	0.275	0.0024421215057373047	0.22	0.22	0.027291536331176758	0.265	0.265	0.03861498832702637	0.31	0.31	0.4313323497772217	0.225	0.225	0.0021452903747558594	0.285	0.285	0.026918411254882812	0.305	0.305	0.0022869110107421875	0.185	0.185	0.012094497680664062	0.2	0.2	34.96343922615051	0.22	0.22	44.19487285614014	0.195	0.195	43.38379669189453	0.185	0.185	22.474506855010986	S	78
0.19	0.19	0.0025451183319091797	0.23	0.23	0.02640247344970703	0.22	0.22	0.041414499282836914	0.275	0.275	0.5043435096740723	0.21	0.21	0.002145528793334961	0.27	0.27	0.050135135650634766	0.29	0.29	0.002948760986328125	0.125	0.125	0.011734485626220703	0.21	0.21	37.515321016311646	0.175	0.175	44.17133688926697	0.17	0.17	44.59425663948059	0.2	0.2	22.645588874816895	S	79
