sklearn_dt_f1-micro	sklearn_dt_accuracy	sklearn_dt_time	sklearn_rf_f1-micro	sklearn_rf_accuracy	sklearn_rf_time	product_dt_f1-micro	product_dt_accuracy	product_dt_time	product_rf_f1-micro	product_rf_accuracy	product_rf_time	tangent_dt_f1-micro	tangent_dt_accuracy	tangent_dt_time	tangent_rf_f1-micro	tangent_rf_accuracy	tangent_rf_time	knn_f1-micro	knn_accuracy	knn_time	ps_perceptron_f1-micro	ps_perceptron_accuracy	ps_perceptron_time	ambient_mlp_f1-micro	ambient_mlp_accuracy	ambient_mlp_time	ambient_gnn_f1-micro	ambient_gnn_accuracy	ambient_gnn_time	kappa_gcn_f1-micro	kappa_gcn_accuracy	kappa_gcn_time	product_mlr_f1-micro	product_mlr_accuracy	product_mlr_time	curvature	seed
0.32	0.32	0.0017054080963134766	0.345	0.345	0.03591132164001465	0.45	0.45	0.040169477462768555	0.475	0.475	0.4423239231109619	0.405	0.405	0.0012323856353759766	0.395	0.395	0.03901028633117676	0.35	0.35	0.0029010772705078125	0.195	0.195	0.011451959609985352	0.25	0.25	32.441208839416504	0.195	0.195	40.335214376449585	0.215	0.215	38.031081438064575	0.29	0.29	22.434604167938232	-4.0	0
0.365	0.365	0.0018215179443359375	0.425	0.425	0.033071041107177734	0.505	0.505	0.034801483154296875	0.52	0.52	0.3966941833496094	0.455	0.455	0.0012524127960205078	0.48	0.48	0.032972097396850586	0.465	0.465	0.0028040409088134766	0.11	0.11	0.011077404022216797	0.265	0.265	33.45683217048645	0.05	0.05	39.90337657928467	0.305	0.305	38.249510049819946	0.295	0.295	21.99850869178772	-4.0	1
0.285	0.285	0.0019180774688720703	0.29	0.29	0.03464818000793457	0.3	0.3	0.04077863693237305	0.325	0.325	0.43232154846191406	0.36	0.36	0.0013279914855957031	0.36	0.36	0.034075021743774414	0.3	0.3	0.0026302337646484375	0.1	0.1	0.011192083358764648	0.25	0.25	32.27519607543945	0.135	0.135	40.86621403694153	0.275	0.275	38.266050815582275	0.305	0.305	24.92356562614441	-4.0	2
0.365	0.365	0.002063274383544922	0.36	0.36	0.035592079162597656	0.375	0.375	0.03874707221984863	0.445	0.445	0.41022610664367676	0.365	0.365	0.001280069351196289	0.385	0.385	0.03273797035217285	0.37	0.37	0.002808809280395508	0.135	0.135	0.011860370635986328	0.3	0.3	32.098471879959106	0.1	0.1	39.408686876297	0.255	0.255	37.55223298072815	0.26	0.26	23.14666724205017	-4.0	3
0.345	0.345	0.0016560554504394531	0.37	0.37	0.033490657806396484	0.37	0.37	0.03468132019042969	0.405	0.405	0.40125083923339844	0.39	0.39	0.0012345314025878906	0.415	0.415	0.037993669509887695	0.375	0.375	0.0026645660400390625	0.24	0.24	0.010645389556884766	0.185	0.185	31.255924224853516	0.075	0.075	41.05784249305725	0.24	0.24	38.926058530807495	0.215	0.215	22.752490520477295	-4.0	4
0.275	0.275	0.0018231868743896484	0.325	0.325	0.03226590156555176	0.355	0.355	0.03362560272216797	0.39	0.39	0.4323256015777588	0.34	0.34	0.0012404918670654297	0.435	0.435	0.03404355049133301	0.43	0.43	0.0025930404663085938	0.2	0.2	0.010680675506591797	0.285	0.285	32.77316093444824	0.14	0.14	40.77766180038452	0.185	0.185	39.05385494232178	0.29	0.29	22.811307907104492	-4.0	5
0.28	0.28	0.0017161369323730469	0.31	0.31	0.03278303146362305	0.345	0.345	0.043776512145996094	0.38	0.38	0.429532527923584	0.305	0.305	0.0012710094451904297	0.34	0.34	0.03376364707946777	0.33	0.33	0.0028908252716064453	0.215	0.215	0.011039018630981445	0.3	0.3	31.0875244140625	0.13	0.13	41.60346961021423	0.29	0.29	38.138895988464355	0.225	0.225	22.371362447738647	-4.0	6
0.31	0.31	0.002044200897216797	0.315	0.315	0.03448295593261719	0.425	0.425	0.04024100303649902	0.385	0.385	0.44992566108703613	0.38	0.38	0.0012464523315429688	0.375	0.375	0.032862186431884766	0.325	0.325	0.003354787826538086	0.115	0.115	0.010772466659545898	0.2	0.2	32.2803852558136	0.165	0.165	41.46428632736206	0.255	0.255	38.49386191368103	0.29	0.29	22.36298441886902	-4.0	7
0.31	0.31	0.001787424087524414	0.345	0.345	0.03389596939086914	0.355	0.355	0.03402900695800781	0.36	0.36	0.38811397552490234	0.315	0.315	0.001462697982788086	0.33	0.33	0.03330731391906738	0.395	0.395	0.0028409957885742188	0.125	0.125	0.01078939437866211	0.285	0.285	33.11613178253174	0.185	0.185	40.946887254714966	0.22	0.22	39.799046754837036	0.235	0.235	25.967795610427856	-4.0	8
0.265	0.265	0.001837015151977539	0.25	0.25	0.03338789939880371	0.315	0.315	0.030600786209106445	0.375	0.375	0.3775944709777832	0.31	0.31	0.001241922378540039	0.31	0.31	0.03351616859436035	0.365	0.365	0.0029053688049316406	0.12	0.12	0.010806560516357422	0.205	0.205	32.640145778656006	0.135	0.135	41.149638414382935	0.15	0.15	39.18372821807861	0.275	0.275	29.054086685180664	-4.0	9
0.335	0.335	0.0019292831420898438	0.35	0.35	0.0324091911315918	0.345	0.345	0.03431105613708496	0.37	0.37	0.4093208312988281	0.405	0.405	0.0012292861938476562	0.38	0.38	0.033026933670043945	0.365	0.365	0.003682851791381836	0.185	0.185	0.010767698287963867	0.31	0.31	32.08802580833435	0.245	0.245	40.74472141265869	0.315	0.315	38.762563943862915	0.245	0.245	23.15174674987793	-2.0	10
0.27	0.27	0.001669168472290039	0.265	0.265	0.033971309661865234	0.335	0.335	0.03885984420776367	0.35	0.35	0.42888545989990234	0.27	0.27	0.0012669563293457031	0.31	0.31	0.03304767608642578	0.3	0.3	0.002730846405029297	0.165	0.165	0.010791778564453125	0.23	0.23	32.46807026863098	0.13	0.13	41.05263614654541	0.205	0.205	39.056726932525635	0.225	0.225	22.480578184127808	-2.0	11
0.27	0.27	0.001960277557373047	0.325	0.325	0.03409552574157715	0.295	0.295	0.036837100982666016	0.325	0.325	0.41890430450439453	0.305	0.305	0.0012359619140625	0.33	0.33	0.03582024574279785	0.32	0.32	0.002637147903442383	0.135	0.135	0.010669231414794922	0.265	0.265	32.56288194656372	0.115	0.115	40.71457052230835	0.19	0.19	38.65605807304382	0.21	0.21	24.110960721969604	-2.0	12
0.3	0.3	0.0019719600677490234	0.305	0.305	0.035249948501586914	0.31	0.31	0.03649425506591797	0.33	0.33	0.42415785789489746	0.3	0.3	0.0012488365173339844	0.325	0.325	0.03343796730041504	0.285	0.285	0.0027840137481689453	0.14	0.14	0.010701894760131836	0.19	0.19	31.799943208694458	0.18	0.18	41.24741888046265	0.18	0.18	39.605292320251465	0.225	0.225	24.783273935317993	-2.0	13
0.3	0.3	0.001692056655883789	0.36	0.36	0.03385138511657715	0.34	0.34	0.03989720344543457	0.335	0.335	0.4120910167694092	0.39	0.39	0.001293182373046875	0.34	0.34	0.035961151123046875	0.375	0.375	0.003953218460083008	0.16	0.16	0.011180877685546875	0.285	0.285	32.24832224845886	0.175	0.175	40.736063718795776	0.2	0.2	37.77882266044617	0.26	0.26	24.775618076324463	-2.0	14
0.31	0.31	0.0017592906951904297	0.295	0.295	0.034154415130615234	0.34	0.34	0.04085135459899902	0.385	0.385	0.4458143711090088	0.34	0.34	0.0013289451599121094	0.34	0.34	0.034160614013671875	0.395	0.395	0.0026493072509765625	0.155	0.155	0.011498451232910156	0.21	0.21	32.667515993118286	0.165	0.165	40.633424043655396	0.195	0.195	39.078118085861206	0.24	0.24	26.44998002052307	-2.0	15
0.4	0.4	0.002089262008666992	0.365	0.365	0.03331255912780762	0.42	0.42	0.041924476623535156	0.425	0.425	0.42755794525146484	0.44	0.44	0.0014095306396484375	0.5	0.5	0.03410625457763672	0.405	0.405	0.002748250961303711	0.175	0.175	0.01157069206237793	0.32	0.32	32.20751929283142	0.285	0.285	40.28097653388977	0.29	0.29	39.14758348464966	0.335	0.335	24.04409170150757	-2.0	16
0.28	0.28	0.0018143653869628906	0.31	0.31	0.035181283950805664	0.41	0.41	0.03781914710998535	0.395	0.395	0.43602466583251953	0.31	0.31	0.0015065670013427734	0.355	0.355	0.03208732604980469	0.36	0.36	0.002756357192993164	0.14	0.14	0.010932683944702148	0.235	0.235	32.32536578178406	0.275	0.275	40.940343141555786	0.25	0.25	39.57876133918762	0.275	0.275	25.00429344177246	-2.0	17
0.425	0.425	0.001636505126953125	0.44	0.44	0.03312325477600098	0.46	0.46	0.040367841720581055	0.48	0.48	0.4292881488800049	0.465	0.465	0.0012247562408447266	0.485	0.485	0.0340886116027832	0.385	0.385	0.002710580825805664	0.125	0.125	0.01112055778503418	0.34	0.34	32.40406823158264	0.17	0.17	40.126564741134644	0.42	0.42	38.76255130767822	0.485	0.485	22.528751134872437	-2.0	18
0.445	0.445	0.0017917156219482422	0.415	0.415	0.03213071823120117	0.45	0.45	0.040479183197021484	0.5	0.5	0.4280431270599365	0.48	0.48	0.0013513565063476562	0.51	0.51	0.03430628776550293	0.49	0.49	0.002612590789794922	0.155	0.155	0.01152348518371582	0.32	0.32	32.95534539222717	0.235	0.235	40.65970253944397	0.295	0.295	38.6139018535614	0.285	0.285	27.13155460357666	-2.0	19
0.325	0.325	0.0018148422241210938	0.325	0.325	0.034562110900878906	0.345	0.345	0.03789258003234863	0.37	0.37	0.4177262783050537	0.365	0.365	0.0012257099151611328	0.39	0.39	0.03449702262878418	0.31	0.31	0.0028235912322998047	0.125	0.125	0.011252403259277344	0.33	0.33	33.11115050315857	0.295	0.295	40.9876594543457	0.31	0.31	40.187862396240234	0.315	0.315	25.123867511749268	-1.0	20
0.395	0.395	0.0018222332000732422	0.39	0.39	0.03376936912536621	0.395	0.395	0.035010337829589844	0.435	0.435	0.4014608860015869	0.375	0.375	0.0012359619140625	0.405	0.405	0.03586316108703613	0.36	0.36	0.002619028091430664	0.175	0.175	0.011448860168457031	0.36	0.36	32.519848108291626	0.41	0.41	41.36056995391846	0.33	0.33	40.37850999832153	0.38	0.38	23.84581184387207	-1.0	21
0.295	0.295	0.001837015151977539	0.315	0.315	0.032883644104003906	0.31	0.31	0.04000449180603027	0.335	0.335	0.396303653717041	0.315	0.315	0.0012645721435546875	0.355	0.355	0.034574270248413086	0.345	0.345	0.0027551651000976562	0.09	0.09	0.011334657669067383	0.24	0.24	33.18351912498474	0.165	0.165	41.70272397994995	0.245	0.245	39.39232397079468	0.215	0.215	22.580913305282593	-1.0	22
0.27	0.27	0.0016765594482421875	0.275	0.275	0.032541513442993164	0.29	0.29	0.03764462471008301	0.31	0.31	0.41996216773986816	0.275	0.275	0.0012531280517578125	0.25	0.25	0.031790733337402344	0.27	0.27	0.0026407241821289062	0.12	0.12	0.011670112609863281	0.195	0.195	32.65666699409485	0.305	0.305	40.263925075531006	0.195	0.195	39.1091468334198	0.195	0.195	23.96927762031555	-1.0	23
0.27	0.27	0.0016810894012451172	0.235	0.235	0.03279590606689453	0.29	0.29	0.03773379325866699	0.3	0.3	0.4196324348449707	0.27	0.27	0.001233816146850586	0.285	0.285	0.034425973892211914	0.325	0.325	0.0026443004608154297	0.13	0.13	0.0109405517578125	0.185	0.185	32.46740245819092	0.16	0.16	40.903281927108765	0.23	0.23	38.373353481292725	0.21	0.21	22.265565872192383	-1.0	24
0.32	0.32	0.0016911029815673828	0.385	0.385	0.03288078308105469	0.325	0.325	0.03994131088256836	0.355	0.355	0.424959659576416	0.345	0.345	0.0012333393096923828	0.395	0.395	0.035317182540893555	0.37	0.37	0.002763986587524414	0.16	0.16	0.011016845703125	0.29	0.29	33.25530672073364	0.23	0.23	40.76964044570923	0.245	0.245	39.24956727027893	0.28	0.28	25.315318822860718	-1.0	25
0.295	0.295	0.0017027854919433594	0.335	0.335	0.03195929527282715	0.35	0.35	0.038002967834472656	0.39	0.39	0.4060046672821045	0.345	0.345	0.001216888427734375	0.385	0.385	0.03492140769958496	0.38	0.38	0.0029075145721435547	0.205	0.205	0.011099576950073242	0.22	0.22	32.26918411254883	0.175	0.175	40.77335262298584	0.26	0.26	38.44288682937622	0.235	0.235	23.88963794708252	-1.0	26
0.325	0.325	0.0016770362854003906	0.34	0.34	0.03537940979003906	0.375	0.375	0.04065394401550293	0.325	0.325	0.4161667823791504	0.32	0.32	0.0012705326080322266	0.345	0.345	0.03224515914916992	0.28	0.28	0.0028939247131347656	0.205	0.205	0.01155853271484375	0.225	0.225	32.140061140060425	0.135	0.135	41.30979108810425	0.275	0.275	40.0887348651886	0.25	0.25	24.979196310043335	-1.0	27
0.205	0.205	0.0017085075378417969	0.28	0.28	0.03232097625732422	0.3	0.3	0.038605451583862305	0.29	0.29	0.4191608428955078	0.25	0.25	0.0012600421905517578	0.27	0.27	0.03512978553771973	0.25	0.25	0.002718210220336914	0.15	0.15	0.010672569274902344	0.245	0.245	32.805765867233276	0.195	0.195	40.99695348739624	0.185	0.185	38.947752952575684	0.195	0.195	24.913459062576294	-1.0	28
0.36	0.36	0.0019974708557128906	0.345	0.345	0.033017873764038086	0.37	0.37	0.0385584831237793	0.34	0.34	0.41498589515686035	0.32	0.32	0.0012784004211425781	0.385	0.385	0.032602548599243164	0.41	0.41	0.002795696258544922	0.12	0.12	0.010723590850830078	0.265	0.265	33.5798237323761	0.205	0.205	40.61746788024902	0.245	0.245	39.71245813369751	0.255	0.255	24.182722806930542	-1.0	29
0.285	0.285	0.0018301010131835938	0.35	0.35	0.03527975082397461	0.34	0.34	0.041968345642089844	0.32	0.32	0.3995361328125	0.35	0.35	0.0014729499816894531	0.29	0.29	0.033063411712646484	0.23	0.23	0.003511667251586914	0.12	0.12	0.01131439208984375	0.315	0.315	32.996623277664185	0.255	0.255	40.97097110748291	0.3	0.3	39.44548201560974	0.245	0.245	27.8118097782135	-0.5	30
0.25	0.25	0.001682281494140625	0.28	0.28	0.0355374813079834	0.3	0.3	0.03570127487182617	0.35	0.35	0.39360570907592773	0.28	0.28	0.0012326240539550781	0.305	0.305	0.030848979949951172	0.25	0.25	0.0029799938201904297	0.195	0.195	0.011619329452514648	0.28	0.28	32.625091314315796	0.285	0.285	40.92078185081482	0.285	0.285	39.04589796066284	0.275	0.275	25.276910305023193	-0.5	31
0.265	0.265	0.001718282699584961	0.235	0.235	0.034833431243896484	0.27	0.27	0.03767108917236328	0.28	0.28	0.3959839344024658	0.265	0.265	0.001226186752319336	0.285	0.285	0.033873796463012695	0.295	0.295	0.0027315616607666016	0.09	0.09	0.01127934455871582	0.205	0.205	32.69217324256897	0.16	0.16	41.968645334243774	0.165	0.165	39.235193490982056	0.21	0.21	27.871191263198853	-0.5	32
0.32	0.32	0.0020864009857177734	0.3	0.3	0.03622889518737793	0.345	0.345	0.03509879112243652	0.36	0.36	0.38940930366516113	0.255	0.255	0.0012350082397460938	0.35	0.35	0.0384371280670166	0.28	0.28	0.002719402313232422	0.3	0.3	0.01097869873046875	0.295	0.295	32.5045952796936	0.315	0.315	41.034416913986206	0.3	0.3	38.63512372970581	0.32	0.32	24.111454963684082	-0.5	33
0.37	0.37	0.0022339820861816406	0.375	0.375	0.03442072868347168	0.43	0.43	0.04106903076171875	0.43	0.43	0.39762353897094727	0.415	0.415	0.0015170574188232422	0.43	0.43	0.03396487236022949	0.405	0.405	0.0027475357055664062	0.35	0.35	0.011185646057128906	0.35	0.35	32.930325984954834	0.345	0.345	41.591957569122314	0.35	0.35	39.248300552368164	0.36	0.36	25.473206043243408	-0.5	34
0.375	0.375	0.0017583370208740234	0.43	0.43	0.0337672233581543	0.46	0.46	0.037973642349243164	0.41	0.41	0.3613595962524414	0.385	0.385	0.0013532638549804688	0.435	0.435	0.030188560485839844	0.41	0.41	0.002684354782104492	0.155	0.155	0.011452198028564453	0.36	0.36	32.30962061882019	0.375	0.375	40.73661184310913	0.325	0.325	39.52070212364197	0.385	0.385	25.026108503341675	-0.5	35
0.355	0.355	0.0018494129180908203	0.35	0.35	0.034655094146728516	0.345	0.345	0.03898811340332031	0.335	0.335	0.4126594066619873	0.325	0.325	0.0014255046844482422	0.315	0.315	0.03371095657348633	0.31	0.31	0.0027687549591064453	0.155	0.155	0.011387348175048828	0.305	0.305	32.46303725242615	0.27	0.27	40.67099666595459	0.28	0.28	38.857863903045654	0.28	0.28	25.556723833084106	-0.5	36
0.235	0.235	0.001710653305053711	0.28	0.28	0.03529953956604004	0.275	0.275	0.036815643310546875	0.235	0.235	0.3724019527435303	0.285	0.285	0.001294851303100586	0.27	0.27	0.35109496116638184	0.235	0.235	0.0035772323608398438	0.145	0.145	0.016501665115356445	0.325	0.325	32.72377109527588	0.2	0.2	41.76330018043518	0.235	0.235	40.403098344802856	0.275	0.275	22.862855195999146	-0.5	37
0.32	0.32	0.0017197132110595703	0.36	0.36	0.033510684967041016	0.335	0.335	0.03777599334716797	0.345	0.345	0.4201080799102783	0.365	0.365	0.0012173652648925781	0.375	0.375	0.03315281867980957	0.385	0.385	0.0028581619262695312	0.315	0.315	0.010647296905517578	0.345	0.345	33.65425515174866	0.3	0.3	41.536086559295654	0.28	0.28	40.06913995742798	0.225	0.225	23.514703512191772	-0.5	38
0.335	0.335	0.0017404556274414062	0.44	0.44	0.03569364547729492	0.39	0.39	0.03971576690673828	0.415	0.415	0.42696523666381836	0.38	0.38	0.001268148422241211	0.435	0.435	0.0346827507019043	0.375	0.375	0.0028192996978759766	0.14	0.14	0.011744022369384766	0.29	0.29	32.53289556503296	0.36	0.36	41.85072302818298	0.365	0.365	39.576765298843384	0.32	0.32	23.51819109916687	-0.5	39
0.2	0.2	0.0018503665924072266	0.25	0.25	0.03270387649536133	0.27	0.27	0.03641963005065918	0.235	0.235	0.4207499027252197	0.25	0.25	0.0012710094451904297	0.235	0.235	0.03237342834472656	0.21	0.21	0.0027005672454833984	0.135	0.135	0.011276006698608398	0.21	0.21	32.78960704803467	0.225	0.225	41.839632987976074	0.21	0.21	39.53928279876709	0.175	0.175	26.08749794960022	-0.25	40
0.3	0.3	0.00168609619140625	0.31	0.31	0.0334470272064209	0.305	0.305	0.03644990921020508	0.25	0.25	0.40856266021728516	0.285	0.285	0.001251220703125	0.29	0.29	0.03306937217712402	0.24	0.24	0.0027937889099121094	0.175	0.175	0.010803461074829102	0.265	0.265	33.80439758300781	0.31	0.31	41.68990898132324	0.305	0.305	39.2234365940094	0.285	0.285	24.20957374572754	-0.25	41
0.265	0.265	0.0017333030700683594	0.235	0.235	0.03561687469482422	0.27	0.27	0.03757739067077637	0.24	0.24	0.3971233367919922	0.245	0.245	0.0012269020080566406	0.27	0.27	0.03288078308105469	0.21	0.21	0.003000020980834961	0.17	0.17	0.010628700256347656	0.185	0.185	32.61498141288757	0.19	0.19	41.55617356300354	0.2	0.2	40.253796100616455	0.175	0.175	32.55827498435974	-0.25	42
0.39	0.39	0.0016922950744628906	0.43	0.43	0.03481435775756836	0.405	0.405	0.04221987724304199	0.4	0.4	0.4220418930053711	0.405	0.405	0.0012445449829101562	0.4	0.4	0.03345060348510742	0.35	0.35	0.00274658203125	0.15	0.15	0.010571002960205078	0.255	0.255	33.161627769470215	0.255	0.255	41.78681659698486	0.29	0.29	40.63658881187439	0.255	0.255	31.66562509536743	-0.25	43
0.3	0.3	0.0016989707946777344	0.32	0.32	0.03568458557128906	0.32	0.32	0.03190875053405762	0.305	0.305	0.40931057929992676	0.335	0.335	0.0012941360473632812	0.325	0.325	0.03339099884033203	0.32	0.32	0.0026519298553466797	0.165	0.165	0.010707855224609375	0.26	0.26	33.27783489227295	0.23	0.23	41.95214796066284	0.245	0.245	40.847084522247314	0.26	0.26	30.586126565933228	-0.25	44
0.26	0.26	0.002229452133178711	0.255	0.255	0.03650021553039551	0.295	0.295	0.04998373985290527	0.28	0.28	0.48921656608581543	0.3	0.3	0.0012552738189697266	0.3	0.3	0.032315731048583984	0.325	0.325	0.002646207809448242	0.14	0.14	0.010654449462890625	0.24	0.24	32.698028802871704	0.19	0.19	42.0333309173584	0.2	0.2	39.81425666809082	0.215	0.215	32.517822265625	-0.25	45
0.36	0.36	0.0017926692962646484	0.325	0.325	0.03348207473754883	0.34	0.34	0.04410505294799805	0.345	0.345	0.4194042682647705	0.28	0.28	0.001272439956665039	0.4	0.4	0.032396554946899414	0.32	0.32	0.002714872360229492	0.12	0.12	0.011112451553344727	0.36	0.36	32.75727653503418	0.375	0.375	41.90800070762634	0.375	0.375	40.39560103416443	0.345	0.345	28.77765154838562	-0.25	46
0.37	0.37	0.001789093017578125	0.41	0.41	0.034571170806884766	0.42	0.42	0.03581833839416504	0.475	0.475	0.37663888931274414	0.395	0.395	0.001268148422241211	0.415	0.415	0.033307552337646484	0.415	0.415	0.00287628173828125	0.11	0.11	0.010900259017944336	0.265	0.265	34.106581926345825	0.27	0.27	41.41836905479431	0.275	0.275	41.13590383529663	0.265	0.265	31.664693593978882	-0.25	47
0.375	0.375	0.0018553733825683594	0.365	0.365	0.0347752571105957	0.335	0.335	0.03968214988708496	0.365	0.365	0.4284234046936035	0.34	0.34	0.0012481212615966797	0.385	0.385	0.03401517868041992	0.325	0.325	0.0026443004608154297	0.175	0.175	0.010623455047607422	0.3	0.3	33.46195602416992	0.255	0.255	41.97744917869568	0.25	0.25	40.34496092796326	0.285	0.285	32.11125946044922	-0.25	48
0.26	0.26	0.0017256736755371094	0.285	0.285	0.031507253646850586	0.27	0.27	0.04139089584350586	0.315	0.315	0.39789366722106934	0.275	0.275	0.0013768672943115234	0.31	0.31	0.034328460693359375	0.285	0.285	0.002620220184326172	0.12	0.12	0.011312007904052734	0.2	0.2	33.425848960876465	0.26	0.26	41.87973713874817	0.215	0.215	40.5372359752655	0.215	0.215	27.954919576644897	-0.25	49
0.275	0.275	0.0013439655303955078	0.305	0.305	0.03741645812988281	0.27	0.27	0.038053035736083984	0.31	0.31	0.3921530246734619	0.275	0.275	0.0012307167053222656	0.305	0.305	0.029901981353759766	0.255	0.255	0.0022711753845214844	0.19	0.19	0.011422157287597656	0.255	0.255	34.999080657958984	0.225	0.225	43.56305694580078	0.24	0.24	30.185092210769653	0.255	0.255	17.921558380126953	0.0	50
0.27	0.27	0.0014574527740478516	0.29	0.29	0.034601449966430664	0.24	0.24	0.030306100845336914	0.285	0.285	0.3845632076263428	0.27	0.27	0.0013818740844726562	0.29	0.29	0.03513193130493164	0.26	0.26	0.0026597976684570312	0.16	0.16	0.0162050724029541	0.21	0.21	33.64014029502869	0.235	0.235	45.04401421546936	0.235	0.235	31.304022073745728	0.21	0.21	17.27905559539795	0.0	51
0.28	0.28	0.0014786720275878906	0.26	0.26	0.03483247756958008	0.275	0.275	0.04094219207763672	0.265	0.265	0.39983415603637695	0.28	0.28	0.0012536048889160156	0.26	0.26	0.03545951843261719	0.235	0.235	0.002534151077270508	0.215	0.215	0.011626720428466797	0.21	0.21	34.28729438781738	0.225	0.225	44.419368267059326	0.225	0.225	30.93926763534546	0.22	0.22	17.515841484069824	0.0	52
0.25	0.25	0.0014812946319580078	0.305	0.305	0.03437209129333496	0.245	0.245	0.0366973876953125	0.31	0.31	0.3806145191192627	0.25	0.25	0.0012407302856445312	0.305	0.305	0.03272414207458496	0.235	0.235	0.002315044403076172	0.23	0.23	0.0117340087890625	0.285	0.285	34.70638585090637	0.29	0.29	44.13783836364746	0.29	0.29	31.33418083190918	0.275	0.275	17.925131797790527	0.0	53
0.315	0.315	0.001619100570678711	0.34	0.34	0.0343317985534668	0.34	0.34	0.033911943435668945	0.365	0.365	0.3817934989929199	0.315	0.315	0.00133514404296875	0.34	0.34	0.03369498252868652	0.32	0.32	0.002485513687133789	0.275	0.275	0.01104879379272461	0.25	0.25	34.2795193195343	0.26	0.26	44.25764441490173	0.255	0.255	31.46883273124695	0.24	0.24	18.086043119430542	0.0	54
0.29	0.29	0.0014355182647705078	0.385	0.385	0.03354668617248535	0.285	0.285	0.03339076042175293	0.36	0.36	0.3803277015686035	0.29	0.29	0.0012722015380859375	0.385	0.385	0.03573751449584961	0.225	0.225	0.0024530887603759766	0.26	0.26	0.011544942855834961	0.31	0.31	34.90835380554199	0.295	0.295	43.47525501251221	0.29	0.29	30.885401725769043	0.33	0.33	17.693636894226074	0.0	55
0.25	0.25	0.0014195442199707031	0.29	0.29	0.03175163269042969	0.295	0.295	0.03348660469055176	0.305	0.305	0.35736846923828125	0.25	0.25	0.0013575553894042969	0.29	0.29	0.033177852630615234	0.29	0.29	0.002483367919921875	0.22	0.22	0.011363983154296875	0.215	0.215	35.28786826133728	0.26	0.26	42.978142976760864	0.25	0.25	31.006953239440918	0.21	0.21	17.705217361450195	0.0	56
0.3	0.3	0.0014927387237548828	0.31	0.31	0.03254985809326172	0.295	0.295	0.030185699462890625	0.37	0.37	0.3576083183288574	0.3	0.3	0.001262664794921875	0.31	0.31	0.034009456634521484	0.29	0.29	0.002623319625854492	0.125	0.125	0.010560035705566406	0.225	0.225	34.98910975456238	0.285	0.285	43.30112624168396	0.275	0.275	31.101914167404175	0.24	0.24	18.589165687561035	0.0	57
0.335	0.335	0.0012907981872558594	0.34	0.34	0.03648257255554199	0.345	0.345	0.03681182861328125	0.32	0.32	0.4053761959075928	0.335	0.335	0.001230478286743164	0.34	0.34	0.03594565391540527	0.285	0.285	0.0023250579833984375	0.18	0.18	0.010534048080444336	0.315	0.315	34.77845573425293	0.265	0.265	43.77143907546997	0.27	0.27	31.064568281173706	0.315	0.315	18.032959461212158	0.0	58
0.41	0.41	0.0013058185577392578	0.43	0.43	0.036461830139160156	0.365	0.365	0.033219099044799805	0.405	0.405	0.3937969207763672	0.41	0.41	0.0012426376342773438	0.43	0.43	0.0305631160736084	0.38	0.38	0.002470731735229492	0.325	0.325	0.01595306396484375	0.395	0.395	34.45910334587097	0.315	0.315	44.58819890022278	0.315	0.315	30.643856287002563	0.39	0.39	17.559733390808105	0.0	59
0.27	0.27	0.0016984939575195312	0.28	0.28	0.03469061851501465	0.25	0.25	0.034517526626586914	0.34	0.34	0.3722560405731201	0.28	0.28	0.0012617111206054688	0.335	0.335	0.03724503517150879	0.22	0.22	0.0025970935821533203	0.125	0.125	0.010605096817016602	0.315	0.315	33.34732699394226	0.275	0.275	40.712520599365234	0.29	0.29	45.80758833885193	0.23	0.23	31.62956929206848	0.25	60
0.315	0.315	0.0017192363739013672	0.28	0.28	0.035543203353881836	0.245	0.245	0.035984039306640625	0.295	0.295	0.3848438262939453	0.28	0.28	0.0012216567993164062	0.315	0.315	0.033570051193237305	0.265	0.265	0.0024497509002685547	0.275	0.275	0.010668039321899414	0.26	0.26	32.71311163902283	0.325	0.325	41.849597692489624	0.265	0.265	44.53668546676636	0.275	0.275	30.55373239517212	0.25	61
0.28	0.28	0.0019707679748535156	0.29	0.29	0.03724265098571777	0.26	0.26	0.03542661666870117	0.3	0.3	0.35239481925964355	0.255	0.255	0.0013623237609863281	0.3	0.3	0.0343165397644043	0.225	0.225	0.0026323795318603516	0.175	0.175	0.01096343994140625	0.265	0.265	33.68617844581604	0.245	0.245	41.86921572685242	0.22	0.22	45.62789964675903	0.27	0.27	30.857216358184814	0.25	62
0.255	0.255	0.0017554759979248047	0.23	0.23	0.03119063377380371	0.22	0.22	0.03577780723571777	0.255	0.255	0.37399888038635254	0.21	0.21	0.001255035400390625	0.25	0.25	0.030494213104248047	0.245	0.245	0.0025069713592529297	0.17	0.17	0.011794805526733398	0.21	0.21	33.95638346672058	0.205	0.205	42.277423620224	0.185	0.185	44.574564695358276	0.17	0.17	25.96145796775818	0.25	63
0.31	0.31	0.0017359256744384766	0.345	0.345	0.03489232063293457	0.3	0.3	0.03860187530517578	0.31	0.31	0.3766613006591797	0.285	0.285	0.001294851303100586	0.295	0.295	0.033945560455322266	0.26	0.26	0.002633810043334961	0.13	0.13	0.011042118072509766	0.32	0.32	33.024770736694336	0.275	0.275	42.499216079711914	0.275	0.275	45.251548290252686	0.28	0.28	26.966800928115845	0.25	64
0.24	0.24	0.0016884803771972656	0.325	0.325	0.03332924842834473	0.27	0.27	0.0338137149810791	0.28	0.28	0.37168216705322266	0.275	0.275	0.0012619495391845703	0.285	0.285	0.03394198417663574	0.285	0.285	0.002382516860961914	0.155	0.155	0.010816335678100586	0.235	0.235	32.97481036186218	0.225	0.225	42.61839532852173	0.235	0.235	43.32878565788269	0.21	0.21	28.279226064682007	0.25	65
0.23	0.23	0.002096414566040039	0.29	0.29	0.035170555114746094	0.275	0.275	0.0345156192779541	0.315	0.315	0.38037657737731934	0.315	0.315	0.0012900829315185547	0.315	0.315	0.03161811828613281	0.265	0.265	0.002356290817260742	0.17	0.17	0.01118159294128418	0.275	0.275	33.03762888908386	0.175	0.175	41.15081453323364	0.215	0.215	45.2781195640564	0.27	0.27	30.461832761764526	0.25	66
0.305	0.305	0.0016751289367675781	0.355	0.355	0.03353428840637207	0.32	0.32	0.0358278751373291	0.315	0.315	0.3733174800872803	0.3	0.3	0.0012519359588623047	0.33	0.33	0.03494000434875488	0.285	0.285	0.002650022506713867	0.265	0.265	0.011108636856079102	0.33	0.33	32.774588108062744	0.255	0.255	42.97002863883972	0.285	0.285	45.19291591644287	0.305	0.305	28.600729942321777	0.25	67
0.295	0.295	0.0017807483673095703	0.27	0.27	0.034468889236450195	0.28	0.28	0.03508448600769043	0.3	0.3	0.3749547004699707	0.285	0.285	0.0012369155883789062	0.29	0.29	0.032883644104003906	0.245	0.245	0.0024657249450683594	0.19	0.19	0.010785341262817383	0.275	0.275	33.58720850944519	0.265	0.265	41.67195224761963	0.26	0.26	44.605860233306885	0.27	0.27	22.223301649093628	0.25	68
0.25	0.25	0.0017075538635253906	0.27	0.27	0.03299403190612793	0.235	0.235	0.03338122367858887	0.275	0.275	0.3744924068450928	0.28	0.28	0.0012409687042236328	0.3	0.3	0.03423905372619629	0.255	0.255	0.0024619102478027344	0.125	0.125	0.010627985000610352	0.245	0.245	33.09127449989319	0.22	0.22	40.521605253219604	0.215	0.215	42.04801106452942	0.23	0.23	24.750852346420288	0.25	69
0.215	0.215	0.0017216205596923828	0.29	0.29	0.032620906829833984	0.255	0.255	0.03606534004211426	0.275	0.275	0.3956258296966553	0.235	0.235	0.0012545585632324219	0.29	0.29	0.032950401306152344	0.25	0.25	0.002300262451171875	0.175	0.175	0.01118159294128418	0.235	0.235	33.4480402469635	0.195	0.195	40.690107107162476	0.21	0.21	44.09703326225281	0.205	0.205	24.293556213378906	0.5	70
0.28	0.28	0.002035856246948242	0.28	0.28	0.0344393253326416	0.245	0.245	0.03724169731140137	0.275	0.275	0.3689916133880615	0.205	0.205	0.001241445541381836	0.265	0.265	0.03258633613586426	0.3	0.3	0.0025572776794433594	0.225	0.225	0.010960102081298828	0.205	0.205	33.02492022514343	0.18	0.18	41.492847204208374	0.195	0.195	45.517579078674316	0.205	0.205	23.93902564048767	0.5	71
0.285	0.285	0.0020418167114257812	0.24	0.24	0.03291654586791992	0.23	0.23	0.03681588172912598	0.27	0.27	0.3837912082672119	0.22	0.22	0.0012786388397216797	0.255	0.255	0.03071880340576172	0.255	0.255	0.002628326416015625	0.185	0.185	0.010586977005004883	0.21	0.21	33.356791973114014	0.22	0.22	41.19299507141113	0.235	0.235	44.60128617286682	0.24	0.24	22.739165782928467	0.5	72
0.32	0.32	0.0017404556274414062	0.335	0.335	0.033271074295043945	0.3	0.3	0.03553175926208496	0.31	0.31	0.40008020401000977	0.315	0.315	0.0013434886932373047	0.31	0.31	0.033443450927734375	0.325	0.325	0.0024831295013427734	0.215	0.215	0.01079416275024414	0.28	0.28	32.47370791435242	0.28	0.28	40.48914551734924	0.27	0.27	43.576258182525635	0.25	0.25	23.791301727294922	0.5	73
0.28	0.28	0.001859426498413086	0.345	0.345	0.03530097007751465	0.305	0.305	0.04017353057861328	0.29	0.29	0.37619876861572266	0.305	0.305	0.0012803077697753906	0.31	0.31	0.03397965431213379	0.245	0.245	0.002592802047729492	0.23	0.23	0.010948657989501953	0.28	0.28	33.38614559173584	0.28	0.28	41.128780126571655	0.295	0.295	44.7613959312439	0.265	0.265	24.136885404586792	0.5	74
0.395	0.395	0.001992940902709961	0.37	0.37	0.033216238021850586	0.36	0.36	0.033345937728881836	0.38	0.38	0.36760663986206055	0.41	0.41	0.001241445541381836	0.42	0.42	0.03365612030029297	0.355	0.355	0.002440929412841797	0.2	0.2	0.010715723037719727	0.365	0.365	32.2161066532135	0.4	0.4	40.886635541915894	0.375	0.375	45.322200775146484	0.36	0.36	25.291982650756836	0.5	75
0.26	0.26	0.0017628669738769531	0.24	0.24	0.03240036964416504	0.24	0.24	0.0448603630065918	0.3	0.3	0.3778877258300781	0.24	0.24	0.0016162395477294922	0.22	0.22	0.03319740295410156	0.28	0.28	0.002695798873901367	0.185	0.185	0.010586023330688477	0.19	0.19	31.8181734085083	0.175	0.175	40.13706040382385	0.145	0.145	44.866347312927246	0.21	0.21	22.754040002822876	0.5	76
0.315	0.315	0.0019850730895996094	0.295	0.295	0.035070180892944336	0.305	0.305	0.03685736656188965	0.325	0.325	0.39361071586608887	0.29	0.29	0.0012705326080322266	0.3	0.3	0.03499174118041992	0.345	0.345	0.003064870834350586	0.145	0.145	0.010781049728393555	0.265	0.265	32.91057467460632	0.29	0.29	41.80122709274292	0.285	0.285	44.51480054855347	0.29	0.29	24.616642951965332	0.5	77
0.195	0.195	0.0017147064208984375	0.245	0.245	0.03258466720581055	0.22	0.22	0.03327536582946777	0.21	0.21	0.3738417625427246	0.225	0.225	0.0012345314025878906	0.23	0.23	0.034638166427612305	0.225	0.225	0.002534627914428711	0.15	0.15	0.01059412956237793	0.2	0.2	33.14580798149109	0.205	0.205	42.22593402862549	0.17	0.17	44.76710510253906	0.215	0.215	25.143704652786255	0.5	78
0.3	0.3	0.0016674995422363281	0.27	0.27	0.03348994255065918	0.3	0.3	0.03512001037597656	0.32	0.32	0.3978264331817627	0.25	0.25	0.0012614727020263672	0.25	0.25	0.03320884704589844	0.285	0.285	0.0025458335876464844	0.185	0.185	0.010894536972045898	0.23	0.23	32.33474111557007	0.185	0.185	41.72410774230957	0.175	0.175	43.531540632247925	0.22	0.22	24.9255313873291	0.5	79
0.185	0.185	0.0017826557159423828	0.25	0.25	0.034700870513916016	0.235	0.235	0.03464508056640625	0.245	0.245	0.40054821968078613	0.25	0.25	0.00125885009765625	0.275	0.275	0.033489227294921875	0.29	0.29	0.002730846405029297	0.195	0.195	0.010951757431030273	0.235	0.235	32.36454749107361	0.24	0.24	41.174537897109985	0.26	0.26	45.024911880493164	0.11	0.11	25.351269245147705	1.0	80
0.23	0.23	0.0018618106842041016	0.265	0.265	0.03328299522399902	0.27	0.27	0.03453779220581055	0.255	0.255	0.3947784900665283	0.28	0.28	0.0012545585632324219	0.25	0.25	0.03268551826477051	0.255	0.255	0.0025708675384521484	0.11	0.11	0.01093602180480957	0.19	0.19	33.114986181259155	0.215	0.215	40.95400047302246	0.09	0.09	44.092034101486206	0.09	0.09	25.4006187915802	1.0	81
0.3	0.3	0.0017688274383544922	0.285	0.285	0.03551602363586426	0.28	0.28	0.03572821617126465	0.315	0.315	0.4103097915649414	0.3	0.3	0.0012292861938476562	0.295	0.295	0.03315305709838867	0.295	0.295	0.0026273727416992188	0.165	0.165	0.010605096817016602	0.32	0.32	33.3094367980957	0.275	0.275	42.706027030944824	0.225	0.225	45.09929823875427	0.225	0.225	23.925280570983887	1.0	82
0.36	0.36	0.001928091049194336	0.375	0.375	0.033396244049072266	0.305	0.305	0.03588414192199707	0.375	0.375	0.3848757743835449	0.255	0.255	0.0012514591217041016	0.275	0.275	0.03437209129333496	0.32	0.32	0.0026671886444091797	0.185	0.185	0.011065959930419922	0.245	0.245	32.785324811935425	0.19	0.19	40.36515545845032	0.07	0.07	43.715086936950684	0.185	0.185	23.57324719429016	1.0	83
0.37	0.37	0.0018434524536132812	0.35	0.35	0.034955501556396484	0.33	0.33	0.03536534309387207	0.375	0.375	0.4059610366821289	0.3	0.3	0.001249074935913086	0.31	0.31	0.03380870819091797	0.38	0.38	0.0026760101318359375	0.185	0.185	0.010986566543579102	0.26	0.26	33.13239860534668	0.25	0.25	41.077502727508545	0.18	0.18	43.20738673210144	0.18	0.18	22.066006183624268	1.0	84
0.325	0.325	0.0017039775848388672	0.29	0.29	0.035019874572753906	0.27	0.27	0.035904884338378906	0.38	0.38	0.40132737159729004	0.25	0.25	0.0012392997741699219	0.29	0.29	0.03432917594909668	0.29	0.29	0.0024487972259521484	0.225	0.225	0.01135873794555664	0.3	0.3	32.608088970184326	0.26	0.26	41.44479060173035	0.16	0.16	44.342227935791016	0.16	0.16	24.09094738960266	1.0	85
0.335	0.335	0.0018587112426757812	0.3	0.3	0.03458404541015625	0.245	0.245	0.03563570976257324	0.315	0.315	0.39684057235717773	0.225	0.225	0.0016503334045410156	0.275	0.275	0.03485226631164551	0.27	0.27	0.0024704933166503906	0.195	0.195	0.011326789855957031	0.225	0.225	33.11796712875366	0.235	0.235	40.18522572517395	0.065	0.065	43.72918653488159	0.065	0.065	23.272132873535156	1.0	86
0.27	0.27	0.0017330646514892578	0.27	0.27	0.033484458923339844	0.325	0.325	0.037462711334228516	0.27	0.27	0.4133458137512207	0.255	0.255	0.0012645721435546875	0.32	0.32	0.03189730644226074	0.26	0.26	0.0024077892303466797	0.195	0.195	0.010867834091186523	0.255	0.255	32.92357397079468	0.275	0.275	41.236684799194336	0.05	0.05	43.41413950920105	0.05	0.05	23.09462070465088	1.0	87
0.24	0.24	0.0025076866149902344	0.265	0.265	0.03534126281738281	0.24	0.24	0.03336143493652344	0.285	0.285	0.3678123950958252	0.25	0.25	0.0012309551239013672	0.27	0.27	0.03311896324157715	0.27	0.27	0.002504110336303711	0.14	0.14	0.014241933822631836	0.185	0.185	32.745843172073364	0.185	0.185	41.70541548728943	0.14	0.14	44.929343700408936	0.14	0.14	24.291487216949463	1.0	88
0.27	0.27	0.001728057861328125	0.31	0.31	0.03384900093078613	0.275	0.275	0.03549551963806152	0.28	0.28	0.3905766010284424	0.295	0.295	0.0012764930725097656	0.28	0.28	0.033142805099487305	0.275	0.275	0.0026123523712158203	0.155	0.155	0.010618209838867188	0.265	0.265	32.79908275604248	0.295	0.295	41.424081802368164	0.09	0.09	45.02626061439514	0.09	0.09	23.89072895050049	1.0	89
0.24	0.24	0.0019505023956298828	0.235	0.235	0.03421354293823242	0.28	0.28	0.03374624252319336	0.285	0.285	0.37193822860717773	0.185	0.185	0.0014050006866455078	0.265	0.265	0.032187461853027344	0.245	0.245	0.002573728561401367	0.12	0.12	0.010492324829101562	0.23	0.23	33.04026126861572	0.24	0.24	39.76711821556091	0.1	0.1	44.936033487319946	0.1	0.1	23.835085153579712	2.0	90
0.3	0.3	0.001814126968383789	0.305	0.305	0.033449411392211914	0.255	0.255	0.03425955772399902	0.295	0.295	0.389354944229126	0.27	0.27	0.0012826919555664062	0.27	0.27	0.03338742256164551	0.255	0.255	0.0026404857635498047	0.255	0.255	0.011096954345703125	0.27	0.27	33.387425661087036	0.205	0.205	41.79126977920532	0.245	0.245	43.14037489891052	0.245	0.245	27.817795991897583	2.0	91
0.36	0.36	0.0018506050109863281	0.395	0.395	0.03200173377990723	0.305	0.305	0.03589940071105957	0.4	0.4	0.39812374114990234	0.26	0.26	0.0013530254364013672	0.335	0.335	0.0341033935546875	0.325	0.325	0.0024950504302978516	0.305	0.305	0.011227607727050781	0.25	0.25	32.93452310562134	0.255	0.255	42.0367693901062	0.07	0.07	42.59469985961914	0.07	0.07	24.06730341911316	2.0	92
0.31	0.31	0.001720428466796875	0.28	0.28	0.03271150588989258	0.305	0.305	0.035631656646728516	0.335	0.335	0.37350034713745117	0.255	0.255	0.0012478828430175781	0.215	0.215	0.03533530235290527	0.27	0.27	0.0026657581329345703	0.235	0.235	0.01094198226928711	0.26	0.26	32.51583290100098	0.25	0.25	41.876474142074585	0.1	0.1	44.75736355781555	0.1	0.1	27.1708242893219	2.0	93
0.37	0.37	0.0018520355224609375	0.34	0.34	0.03302359580993652	0.34	0.34	0.03447461128234863	0.375	0.375	0.3794996738433838	0.335	0.335	0.0012326240539550781	0.36	0.36	0.03463268280029297	0.275	0.275	0.002722024917602539	0.3	0.3	0.011785030364990234	0.26	0.26	33.15261721611023	0.265	0.265	42.17959785461426	0.025	0.025	43.66723275184631	0.025	0.025	24.93800973892212	2.0	94
0.225	0.225	0.0018279552459716797	0.205	0.205	0.033585309982299805	0.21	0.21	0.03528475761413574	0.23	0.23	0.3892784118652344	0.2	0.2	0.0013949871063232422	0.225	0.225	0.032921552658081055	0.225	0.225	0.0025398731231689453	0.115	0.115	0.010678529739379883	0.165	0.165	32.975574254989624	0.17	0.17	40.82568693161011	0.065	0.065	43.524741649627686	0.065	0.065	28.419972896575928	2.0	95
0.22	0.22	0.001901388168334961	0.255	0.255	0.03343915939331055	0.22	0.22	0.033765316009521484	0.235	0.235	0.3750576972961426	0.205	0.205	0.001317739486694336	0.2	0.2	0.03348875045776367	0.185	0.185	0.0024476051330566406	0.18	0.18	0.010869503021240234	0.265	0.265	31.73855710029602	0.23	0.23	41.733728885650635	0.19	0.19	44.427048444747925	0.19	0.19	21.42802858352661	2.0	96
0.325	0.325	0.001817941665649414	0.31	0.31	0.030790090560913086	0.3	0.3	0.034130096435546875	0.305	0.305	0.3747425079345703	0.23	0.23	0.001237630844116211	0.28	0.28	0.031438350677490234	0.265	0.265	0.002411365509033203	0.215	0.215	0.011445045471191406	0.305	0.305	33.48183298110962	0.265	0.265	41.00010347366333	0.2	0.2	44.871575117111206	0.2	0.2	22.12611484527588	2.0	97
0.255	0.255	0.0017197132110595703	0.26	0.26	0.03427600860595703	0.24	0.24	0.03334784507751465	0.335	0.335	0.3800232410430908	0.285	0.285	0.0012650489807128906	0.295	0.295	0.03414106369018555	0.3	0.3	0.0025289058685302734	0.24	0.24	0.010564804077148438	0.195	0.195	32.55761241912842	0.145	0.145	41.50368285179138	0.225	0.225	45.22850275039673	0.225	0.225	24.588765859603882	2.0	98
0.295	0.295	0.0016903877258300781	0.33	0.33	0.032396793365478516	0.295	0.295	0.03427004814147949	0.325	0.325	0.3868741989135742	0.265	0.265	0.0012497901916503906	0.3	0.3	0.03415679931640625	0.28	0.28	0.002464771270751953	0.18	0.18	0.011069774627685547	0.275	0.275	31.66959023475647	0.24	0.24	42.19676637649536	0.05	0.05	45.304741621017456	0.05	0.05	26.06905174255371	2.0	99
0.225	0.225	0.0016918182373046875	0.21	0.21	0.03354668617248535	0.215	0.215	0.045682430267333984	0.235	0.235	0.3648107051849365	0.175	0.175	0.0012826919555664062	0.175	0.175	0.03401970863342285	0.22	0.22	0.0023839473724365234	0.15	0.15	0.010644674301147461	0.13	0.13	32.49518871307373	0.15	0.15	41.17448663711548	0.055	0.055	43.46548581123352	0.055	0.055	24.888561964035034	4.0	100
0.215	0.215	0.0017685890197753906	0.235	0.235	0.03431510925292969	0.27	0.27	0.0353703498840332	0.245	0.245	0.3897113800048828	0.255	0.255	0.0013511180877685547	0.265	0.265	0.032958030700683594	0.235	0.235	0.002516508102416992	0.215	0.215	0.010593891143798828	0.225	0.225	33.669525384902954	0.24	0.24	41.32175922393799	0.085	0.085	44.20776009559631	0.085	0.085	24.165663242340088	4.0	101
0.23	0.23	0.0017628669738769531	0.285	0.285	0.033720970153808594	0.26	0.26	0.03588366508483887	0.26	0.26	0.38681864738464355	0.28	0.28	0.0012717247009277344	0.27	0.27	0.034852027893066406	0.235	0.235	0.0026960372924804688	0.22	0.22	0.01072549819946289	0.265	0.265	33.204636573791504	0.265	0.265	42.91445565223694	0.145	0.145	45.33569073677063	0.145	0.145	25.70703911781311	4.0	102
0.245	0.245	0.001743316650390625	0.235	0.235	0.0333249568939209	0.235	0.235	0.035188913345336914	0.24	0.24	0.3989593982696533	0.195	0.195	0.0012557506561279297	0.27	0.27	0.03426647186279297	0.24	0.24	0.0027475357055664062	0.18	0.18	0.01143503189086914	0.205	0.205	32.831252098083496	0.2	0.2	40.00827622413635	0.085	0.085	44.821571350097656	0.085	0.085	23.45982074737549	4.0	103
0.26	0.26	0.0018527507781982422	0.2	0.2	0.0346529483795166	0.27	0.27	0.036499977111816406	0.255	0.255	0.3951902389526367	0.2	0.2	0.001344442367553711	0.235	0.235	0.03340268135070801	0.195	0.195	0.0026903152465820312	0.17	0.17	0.011655569076538086	0.2	0.2	33.27098751068115	0.205	0.205	41.49029898643494	0.125	0.125	45.656638860702515	0.125	0.125	24.23647975921631	4.0	104
0.235	0.235	0.001878499984741211	0.275	0.275	0.03314852714538574	0.2	0.2	0.036374807357788086	0.255	0.255	0.3749849796295166	0.215	0.215	0.00124359130859375	0.23	0.23	0.02996516227722168	0.25	0.25	0.0027227401733398438	0.125	0.125	0.010899782180786133	0.245	0.245	32.47069811820984	0.175	0.175	41.276907205581665	0.07	0.07	44.10470247268677	0.07	0.07	26.676584720611572	4.0	105
0.4	0.4	0.001707315444946289	0.41	0.41	0.0341799259185791	0.35	0.35	0.03858160972595215	0.385	0.385	0.3835458755493164	0.34	0.34	0.001293182373046875	0.345	0.345	0.03515481948852539	0.345	0.345	0.002747774124145508	0.23	0.23	0.010683536529541016	0.285	0.285	33.12539291381836	0.295	0.295	41.0743465423584	0.045	0.045	44.177271127700806	0.045	0.045	23.88992667198181	4.0	106
0.215	0.215	0.0018889904022216797	0.225	0.225	0.03428816795349121	0.215	0.215	0.03180336952209473	0.25	0.25	0.3936610221862793	0.205	0.205	0.001302480697631836	0.225	0.225	0.03439140319824219	0.18	0.18	0.0024061203002929688	0.15	0.15	0.01140141487121582	0.215	0.215	31.58420705795288	0.175	0.175	40.19190835952759	0.14	0.14	43.611204862594604	0.14	0.14	24.40603518486023	4.0	107
0.23	0.23	0.0017230510711669922	0.305	0.305	0.03611588478088379	0.28	0.28	0.03504443168640137	0.29	0.29	0.379901647567749	0.27	0.27	0.0012502670288085938	0.315	0.315	0.033052921295166016	0.27	0.27	0.002710580825805664	0.185	0.185	0.010866880416870117	0.235	0.235	33.630916118621826	0.23	0.23	41.917232513427734	0.07	0.07	44.996342182159424	0.07	0.07	22.99711322784424	4.0	108
0.22	0.22	0.001682281494140625	0.23	0.23	0.034955501556396484	0.24	0.24	0.03524613380432129	0.24	0.24	0.3768322467803955	0.225	0.225	0.001270294189453125	0.24	0.24	0.03428244590759277	0.195	0.195	0.0025763511657714844	0.11	0.11	0.010581731796264648	0.175	0.175	33.17177081108093	0.2	0.2	41.686795234680176	0.14	0.14	44.818650245666504	0.14	0.14	26.537886142730713	4.0	109
