sklearn_dt_rmse	sklearn_dt_time	sklearn_rf_rmse	sklearn_rf_time	product_dt_rmse	product_dt_time	product_rf_rmse	product_rf_time	tangent_dt_rmse	tangent_dt_time	tangent_rf_rmse	tangent_rf_time	knn_rmse	knn_time	ambient_mlp_rmse	ambient_mlp_time	ambient_gnn_rmse	ambient_gnn_time	kappa_gcn_rmse	kappa_gcn_time	product_mlr_rmse	product_mlr_time	curvature	seed
0.24273331438588466	0.0014498233795166016	0.22757114312325472	0.01945972442626953	0.2403719	0.02968001365661621	0.23119222	0.3979973793029785	0.23749549903825284	0.001068115234375	0.22348670761184602	0.032972097396850586	0.22996539	0.002546072006225586	77.145	33.125749349594116	103.29811	42.114912271499634	0.3769415318965912	38.76805543899536	0.36062178015708923	23.13376259803772	-4.0	0
0.19753952697255264	0.0014884471893310547	0.1900242769101442	0.03243231773376465	0.19771592	0.0399320125579834	0.19096261	0.44940876960754395	0.18777752166995204	0.0010704994201660156	0.18802104906812128	0.032321929931640625	0.20347682	0.002728700637817383	0.5810734	32.53209161758423	0.28847572	42.34790372848511	0.4457181990146637	38.09330487251282	0.4754365384578705	21.246431589126587	-4.0	1
0.19890455235958185	0.0013480186462402344	0.19045297038427889	0.03288006782531738	0.19230661	0.034621238708496094	0.18323414	0.40560364723205566	0.21524001716340227	0.0010347366333007812	0.1806159813870636	0.03227496147155762	0.19481172	0.0027039051055908203	0.88911927	32.54305815696716	0.5209443	40.96644425392151	0.48415037989616394	38.40996551513672	0.4489612579345703	22.10679793357849	-4.0	2
0.20639713182566796	0.001537322998046875	0.19499479791026134	0.03463578224182129	0.18884775	0.04334592819213867	0.18517812	0.46687841415405273	0.1910887236004918	0.001127481460571289	0.19399174546111045	0.033028602600097656	0.19419093	0.0031881332397460938	0.54884225	32.92376899719238	0.42589465	40.0645432472229	0.43578577041625977	38.51561403274536	0.3518628478050232	21.96828556060791	-4.0	3
0.20561082921835416	0.0013811588287353516	0.20442103650107304	0.03293299674987793	0.19079416	0.04070544242858887	0.17870373	0.4519646167755127	0.19943807396912555	0.0009891986846923828	0.17935026625244063	0.03423357009887695	0.18078399	0.002622365951538086	2638.5742	32.69512748718262	273.9483	43.93541145324707	0.37482139468193054	38.55583453178406	0.3188563585281372	21.427806854248047	-4.0	4
0.17311421075823036	0.0015308856964111328	0.1628935216353798	0.03370094299316406	0.152752	0.03881549835205078	0.15360188	0.45345640182495117	0.1618574444573543	0.0010151863098144531	0.15338296963838255	0.032860517501831055	0.15808551	0.0029489994049072266	0.5423828	32.85038709640503	0.44969255	41.09117126464844	0.43819719552993774	38.2646062374115	0.40217921137809753	22.307910680770874	-4.0	5
0.22250533903351435	0.001444101333618164	0.20733054994147715	0.03277015686035156	0.20216449	0.03917241096496582	0.19469179	0.4399425983428955	0.2009818692112443	0.0010144710540771484	0.19416666849628675	0.03288602828979492	0.20005581	0.0028848648071289062	0.6302444	32.52870726585388	0.57578063	40.72094941139221	0.5300403237342834	37.85173845291138	0.5157861113548279	21.752025604248047	-4.0	6
0.2350198208407068	0.0014071464538574219	0.22778945197990794	0.03362536430358887	0.23111734	0.041548728942871094	0.22323292	0.4307272434234619	0.24671314650941514	0.0010266304016113281	0.2287517042152035	0.03325390815734863	0.22745177	0.002911806106567383	0.57666683	32.3984055519104	0.96424174	41.479865312576294	0.44812536239624023	39.076505184173584	0.38756266236305237	23.13153052330017	-4.0	7
0.2148858761789884	0.0013897418975830078	0.2076324206701782	0.0316312313079834	0.2188324	0.03732776641845703	0.20500824	0.4365203380584717	0.21895884933647367	0.00102996826171875	0.20326866836731017	0.03275036811828613	0.2166022	0.0034313201904296875	0.6192593	33.772706031799316	0.6196425	41.41131854057312	0.4931740164756775	39.168861627578735	0.43802258372306824	22.665160417556763	-4.0	8
0.20918424045692247	0.0014202594757080078	0.1910133180680142	0.0328829288482666	0.18634462	0.03168845176696777	0.18347763	0.4010276794433594	0.21667917166476647	0.0010190010070800781	0.18713957661170108	0.032904624938964844	0.1944522	0.003237485885620117	863.7271	32.95918297767639	20.689413	42.492146492004395	0.47567251324653625	38.873544454574585	0.4325485825538635	21.80117177963257	-4.0	9
0.27184466266677354	0.0013835430145263672	0.2494711744447485	0.03548884391784668	0.25443706	0.03560590744018555	0.24820922	0.4099087715148926	0.25386118908652894	0.0010294914245605469	0.24063341029913385	0.031835079193115234	0.2544255	0.0025832653045654297	0.5886742	32.242650747299194	0.42293942	41.06803369522095	0.4610571563243866	39.57072615623474	0.41240501403808594	20.354771614074707	-2.0	10
0.2516176313783335	0.0013344287872314453	0.23114076984343412	0.03214526176452637	0.2423486	0.04109549522399902	0.22809239	0.4423651695251465	0.24090058779015955	0.0010941028594970703	0.22422496306838818	0.033548831939697266	0.23419641	0.003231525421142578	0.6976143	33.107138872146606	0.54420453	41.39269399642944	0.5159088969230652	38.498719453811646	0.5109711289405823	21.086901903152466	-2.0	11
0.23643518447244147	0.0017502307891845703	0.2223566588370269	0.03303384780883789	0.22458473	0.04255414009094238	0.2131727	0.43895936012268066	0.23046503079646924	0.001069784164428711	0.2244058949030676	0.03516793251037598	0.22847547	0.002658843994140625	0.5495297	31.581502437591553	0.5070435	40.82260823249817	0.4577750861644745	39.37146520614624	0.47004765272140503	22.113928079605103	-2.0	12
0.17825588962236844	0.001440286636352539	0.17394629076961876	0.034233808517456055	0.18720168	0.03263688087463379	0.1678647	0.39115309715270996	0.17631854161569727	0.0010387897491455078	0.16871092265043608	0.03324604034423828	0.17476538	0.003613710403442383	3.4416182	32.80623435974121	1.5003467	41.42748999595642	0.4416312277317047	38.662140130996704	0.4285815954208374	21.503482341766357	-2.0	13
0.23314174115357647	0.0013735294342041016	0.2187131808155059	0.03451943397521973	0.23931478	0.041815996170043945	0.21429564	0.4433882236480713	0.22683112920131668	0.001058340072631836	0.21808518968195317	0.02241802215576172	0.22176032	0.0032393932342529297	0.6778781	32.578840255737305	0.3200624	42.612483739852905	0.3742234706878662	39.55231690406799	0.4135989248752594	21.306926488876343	-2.0	14
0.1764704082101782	0.0013644695281982422	0.169629809477338	0.0328526496887207	0.16871896	0.037935733795166016	0.15899478	0.4479048252105713	0.1674405031801933	0.0010852813720703125	0.16759931611351395	0.034993648529052734	0.16636758	0.0028586387634277344	0.89829856	32.98469614982605	0.27913362	40.791260719299316	0.40313366055488586	40.44006848335266	0.47084885835647583	21.019914865493774	-2.0	15
0.19223054377693383	0.0014870166778564453	0.18823878575133746	0.03270077705383301	0.18859194	0.04284167289733887	0.1876172	0.43731236457824707	0.19424087515302035	0.0011565685272216797	0.1847226801857583	0.03298616409301758	0.19088814	0.0031690597534179688	0.49139023	32.174306869506836	0.22593316	41.500272035598755	0.40510204434394836	38.85337734222412	0.42643821239471436	21.697471141815186	-2.0	16
0.2219247420607701	0.0015325546264648438	0.21636180573066383	0.03356504440307617	0.2248295	0.04124927520751953	0.213873	0.4472484588623047	0.22053443500341186	0.0010654926300048828	0.21481733497510344	0.03267693519592285	0.2271789	0.002846240997314453	0.5139205	32.798663854599	0.428397	41.282084703445435	0.4540503919124603	37.949726819992065	0.4822940230369568	22.628453493118286	-2.0	17
0.2535432471118932	0.0015141963958740234	0.25111938656822264	0.035629987716674805	0.26182675	0.04254794120788574	0.24181119	0.42550158500671387	0.26086227143817214	0.001142263412475586	0.2515364260574259	0.03155517578125	0.26611584	0.002577066421508789	4.4174657	32.9394748210907	0.4522349	41.27205467224121	0.5065295100212097	39.506956338882446	0.47189921140670776	22.727619886398315	-2.0	18
0.21111713736108767	0.0014345645904541016	0.1987181144780534	0.032681941986083984	0.18623847	0.03789973258972168	0.18319966	0.4308741092681885	0.20900959431831723	0.0010800361633300781	0.1959700127846222	0.03242087364196777	0.18059099	0.0028426647186279297	0.53003544	32.54080104827881	0.43443933	40.79046010971069	0.4264891743659973	37.647825717926025	0.46831804513931274	23.411350965499878	-2.0	19
0.24528608604804392	0.0013415813446044922	0.21888461992432395	0.03209185600280762	0.23352847	0.04018855094909668	0.21367863	0.41036128997802734	0.2283897276287215	0.0010623931884765625	0.21912679515113007	0.03269219398498535	0.2272594	0.002561807632446289	1.4773535	32.82109880447388	0.24693587	41.468732595443726	0.4403644800186157	38.70611619949341	0.469370037317276	22.98329472541809	-1.0	20
0.2159237970200353	0.0014338493347167969	0.20751974078811328	0.03211688995361328	0.20887712	0.038613080978393555	0.20555873	0.40494656562805176	0.21681597760950708	0.0010528564453125	0.20908164164226065	0.032549142837524414	0.2117538	0.002610445022583008	0.5661286	33.075039863586426	0.50022393	41.439576387405396	0.4768338203430176	38.336392879486084	0.4761378765106201	22.662289142608643	-1.0	21
0.15464084893635602	0.0014395713806152344	0.15643253882958816	0.0328676700592041	0.15988801	0.03796958923339844	0.15827678	0.38233375549316406	0.15546152159106214	0.0010211467742919922	0.15829512599528645	0.032102346420288086	0.16389638	0.003029346466064453	0.4865477	32.94342517852783	0.41591203	41.84656047821045	0.43348002433776855	38.516916275024414	0.39044490456581116	21.45850110054016	-1.0	22
0.21218472377448064	0.001485586166381836	0.20670191619103984	0.022205591201782227	0.21609204	0.039876699447631836	0.2092232	0.46630859375	0.21445578258140005	0.0010058879852294922	0.20805346872887626	0.02173900604248047	0.20844525	0.0027773380279541016	0.4952583	33.21580410003662	0.51712966	41.29007649421692	0.43219760060310364	39.17401123046875	0.4382547438144684	23.409531116485596	-1.0	23
0.23473287133923973	0.0013866424560546875	0.21864837403284162	0.03488326072692871	0.23927318	0.03956151008605957	0.21165696	0.4121091365814209	0.21515572850355058	0.0010192394256591797	0.21049694966506344	0.035553693771362305	0.22318654	0.002652406692504883	0.46134502	33.539401054382324	0.43028903	42.154826164245605	0.4310537874698639	40.33623647689819	0.42597511410713196	25.14123773574829	-1.0	24
0.20687809903654067	0.0013942718505859375	0.19502542334668588	0.03366494178771973	0.21373206	0.03210639953613281	0.19285263	0.3796513080596924	0.2126122756142231	0.0009968280792236328	0.19631151220544854	0.03278183937072754	0.19484638	0.002655029296875	0.4999282	33.98605275154114	0.47285575	41.264063119888306	0.43790674209594727	38.68876886367798	0.4464743435382843	20.475828647613525	-1.0	25
0.18886115429557535	0.0013294219970703125	0.17853575774664932	0.0328211784362793	0.16995241	0.037198781967163086	0.16506837	0.41405725479125977	0.18844765809225156	0.0010118484497070312	0.17211322766798046	0.032495737075805664	0.1692197	0.0027246475219726562	0.5560993	31.81072235107422	0.4822639	42.22849154472351	0.4901343882083893	38.9579119682312	0.4931023120880127	22.111860990524292	-1.0	26
0.17772570639140922	0.001355886459350586	0.1750380815121493	0.03329634666442871	0.18305264	0.0406191349029541	0.18345323	0.41799497604370117	0.18805005431871638	0.0010235309600830078	0.17599523399725836	0.03392815589904785	0.19795866	0.0025665760040283203	0.5436976	32.063326358795166	0.5048763	39.99294996261597	0.5129611492156982	38.01579165458679	0.4828868508338928	22.683181524276733	-1.0	27
0.21742847351974026	0.0013980865478515625	0.2133240391028744	0.03268122673034668	0.22408234	0.040435075759887695	0.20700675	0.4503161907196045	0.21601017472986697	0.0010483264923095703	0.21301516696085146	0.03183889389038086	0.22769675	0.002666473388671875	0.413204	32.68096995353699	0.38026634	40.22845387458801	0.3960422873497009	38.541828632354736	0.40500760078430176	21.15775775909424	-1.0	28
0.1998266288358496	0.0016472339630126953	0.19574379053746194	0.034980058670043945	0.20624748	0.03780055046081543	0.19614613	0.44168949127197266	0.19965620937690656	0.0010390281677246094	0.19322988870655	0.022882938385009766	0.2016404	0.003476381301879883	0.6331924	32.19566512107849	0.45029095	41.8673837184906	0.49450817704200745	37.80163073539734	0.5230172276496887	21.03515076637268	-1.0	29
0.18727816756380294	0.0013859272003173828	0.17919944842355529	0.03158235549926758	0.19570442	0.03458976745605469	0.17674494	0.4001951217651367	0.18638079352502432	0.0010709762573242188	0.17858393579226237	0.032019853591918945	0.1882471	0.002821207046508789	0.4456313	32.799773931503296	0.43990988	40.54841589927673	0.4807853102684021	37.72160530090332	0.5085318088531494	21.92946767807007	-0.5	30
0.1771966054758914	0.0020821094512939453	0.16810865617146728	0.03415727615356445	0.17024106	0.04200029373168945	0.1709458	0.43869996070861816	0.17668576501551628	0.0010387897491455078	0.1664201667082766	0.03445720672607422	0.18006924	0.0028040409088134766	0.3962003	33.30473732948303	0.34951794	42.06442141532898	0.3792724609375	38.50244116783142	0.42030471563339233	23.929077625274658	-0.5	31
0.1522534919428499	0.0013680458068847656	0.14810730739602995	0.03410506248474121	0.15298264	0.040963172912597656	0.14715633	0.44960594177246094	0.15450587392289383	0.0010428428649902344	0.14570938428676344	0.02229452133178711	0.16080248	0.002687692642211914	0.42001033	31.866551160812378	0.3318189	41.077317237854004	0.3601451814174652	39.314019203186035	0.39298370480537415	23.57783818244934	-0.5	32
0.1609775197631334	0.0013642311096191406	0.15357672787412052	0.03469538688659668	0.15576757	0.04042506217956543	0.15088357	0.3818831443786621	0.16389720832140117	0.0010988712310791016	0.15431836339991173	0.03202986717224121	0.16446142	0.002959728240966797	0.8785732	32.09791350364685	0.46025813	41.087013483047485	0.501937747001648	39.251593828201294	0.5587669014930725	22.352643728256226	-0.5	33
0.20082420671594484	0.0013599395751953125	0.20093867210550603	0.034311771392822266	0.21230276	0.03912949562072754	0.19833569	0.44242119789123535	0.20534583855488361	0.0010225772857666016	0.19855650465235866	0.01911330223083496	0.21028253	0.0027701854705810547	0.37260142	32.65265488624573	0.3962237	41.12579917907715	0.39971020817756653	37.99267792701721	0.4026417136192322	22.55069851875305	-0.5	34
0.1885877224653527	0.001619577407836914	0.18305590078538236	0.031867265701293945	0.19227302	0.039516448974609375	0.17604339	0.42350006103515625	0.18346723548469915	0.0010657310485839844	0.17727950388636304	0.03240370750427246	0.18210444	0.0026001930236816406	0.43198347	32.684895515441895	0.46780166	41.3678982257843	0.4812037944793701	38.05100178718567	0.5225354433059692	22.898841619491577	-0.5	35
0.2357040821219659	0.0013575553894042969	0.21555738524122314	0.034580230712890625	0.21740206	0.03177833557128906	0.21405116	0.3832554817199707	0.22582157252725338	0.0010564327239990234	0.21698152778381066	0.0345759391784668	0.232537	0.0026319026947021484	0.44646856	33.68062424659729	0.39824146	40.72318172454834	0.44207078218460083	39.054434299468994	0.47065532207489014	22.685097455978394	-0.5	36
0.20330387387612547	0.0013394355773925781	0.1844612322054749	0.03402280807495117	0.17648104	0.03755021095275879	0.17020011	0.4285094738006592	0.18643531856160472	0.0010347366333007812	0.1810823916946828	0.020137786865234375	0.19376558	0.0026831626892089844	0.8410567	32.638341188430786	0.38538626	41.00618505477905	0.41310593485832214	38.434807777404785	0.44778740406036377	20.750619888305664	-0.5	37
0.2337262398707397	0.0013699531555175781	0.21565325297652	0.0333859920501709	0.2347012	0.039606571197509766	0.21783905	0.43918633460998535	0.2255650397287833	0.001051187515258789	0.2131565634494899	0.03346085548400879	0.23120134	0.0027997493743896484	0.36304462	31.92168116569519	0.33169466	41.02280306816101	0.3288111388683319	37.7902717590332	0.4144250452518463	23.269782781600952	-0.5	38
0.23910621765790688	0.0014679431915283203	0.22647128624631518	0.021678924560546875	0.23695594	0.03531384468078613	0.23202191	0.4287374019622803	0.2293774841217874	0.0010461807250976562	0.22909723150878247	0.032755374908447266	0.25263438	0.002676725387573242	0.38578048	32.426496505737305	0.4686545	41.16672110557556	0.48460114002227783	39.444026947021484	0.533912718296051	22.95700216293335	-0.5	39
0.19104663881592882	0.0013937950134277344	0.18025160265018536	0.03421926498413086	0.17774262	0.03715229034423828	0.17855625	0.4323911666870117	0.1895590505152975	0.001028299331665039	0.18032053651674548	0.032605648040771484	0.18769795	0.0027327537536621094	0.29338598	32.19783568382263	0.4170964	41.72300958633423	0.426642507314682	38.041879653930664	0.4742007255554199	20.85474419593811	-0.25	40
0.20708698337790557	0.001434326171875	0.1997662842257355	0.38338470458984375	0.20239519	0.0396268367767334	0.19653478	0.4302365779876709	0.19860824924296416	0.001050710678100586	0.19443830595253847	0.03312945365905762	0.20470837	0.0032329559326171875	0.26704484	33.1189398765564	0.4373888	40.876373052597046	0.45300495624542236	39.008559465408325	0.4484417140483856	22.56587815284729	-0.25	41
0.2103827457461051	0.001405477523803711	0.1973614451936925	0.03393101692199707	0.203936	0.03843808174133301	0.19855157	0.4128148555755615	0.20493917861268482	0.0010480880737304688	0.19657440132354165	0.03282308578491211	0.20742093	0.002476215362548828	0.37114006	32.48909282684326	0.47795314	41.62271785736084	0.5032519698143005	40.30706286430359	0.4996856451034546	23.966813325881958	-0.25	42
0.2027435052817196	0.0014286041259765625	0.194069701172706	0.03455543518066406	0.20286992	0.040971994400024414	0.18970834	0.4342987537384033	0.19277114599318984	0.0012390613555908203	0.19376166230487366	0.03344845771789551	0.20641805	0.0027141571044921875	0.26622236	33.235877990722656	0.42909408	41.4278929233551	0.43262457847595215	39.795265913009644	0.41716304421424866	22.77729606628418	-0.25	43
0.20358791069614315	0.0015017986297607422	0.19137415368192973	0.0331423282623291	0.20902334	0.03781437873840332	0.19157532	0.426865816116333	0.19533651938684904	0.001020193099975586	0.18831614350480327	0.033782005310058594	0.19962609	0.002626180648803711	0.3449897	33.07691955566406	0.481464	41.50932312011719	0.5047451853752136	39.194318532943726	0.5166528224945068	21.89276623725891	-0.25	44
0.18546806997138496	0.0013518333435058594	0.17036046498815724	0.03273773193359375	0.17953092	0.033589839935302734	0.17055684	0.3702843189239502	0.18631565545528417	0.001056671142578125	0.1734560196641588	0.03423118591308594	0.178256	0.002559185028076172	0.34217384	31.681910276412964	0.38401076	41.74801254272461	0.3955451548099518	39.34831666946411	0.46708858013153076	21.999324321746826	-0.25	45
0.17855608556877253	0.0017285346984863281	0.16781561998655506	0.03538918495178223	0.16786423	0.046791791915893555	0.1638179	0.3966042995452881	0.1747128243434123	0.0014367103576660156	0.16522899004266356	0.03335070610046387	0.17983378	0.0027718544006347656	0.30797002	32.54153490066528	0.487898	42.343894243240356	0.5406345725059509	37.78287053108215	0.5421494841575623	22.380933046340942	-0.25	46
0.206671774182751	0.0014612674713134766	0.20074753837336143	0.031767845153808594	0.20678395	0.03616499900817871	0.20230521	0.3883054256439209	0.2173438058036286	0.0010781288146972656	0.20490667970854862	0.03513813018798828	0.20491332	0.0027518272399902344	0.40106767	33.55998086929321	0.3599716	41.649104833602905	0.3703703284263611	39.213783979415894	0.39080849289894104	23.88813281059265	-0.25	47
0.2015712019717863	0.0014274120330810547	0.18530218461034104	0.035834550857543945	0.20074604	0.039403438568115234	0.19734068	0.44303250312805176	0.19868752098722317	0.001033782958984375	0.18643336775516592	0.021927595138549805	0.19402114	0.002558469772338867	0.2660532	32.521424293518066	0.42331937	41.66223073005676	0.4341669976711273	40.08667469024658	0.44607213139533997	22.62254762649536	-0.25	48
0.20395450259341807	0.0013968944549560547	0.18909774339866678	0.03471970558166504	0.20299207	0.04114580154418945	0.18888499	0.4143178462982178	0.2019226554526781	0.0010023117065429688	0.19006128312192455	0.035897254943847656	0.19814244	0.002630472183227539	0.2889536	33.395540714263916	0.39460018	42.450626850128174	0.43135014176368713	39.39858627319336	0.441129595041275	24.06658959388733	-0.25	49
0.20579061899024362	0.0012018680572509766	0.1990606740715328	0.03320717811584473	0.20714866	0.0367891788482666	0.19294252	0.3725399971008301	0.20579061899024362	0.0010590553283691406	0.1990606740715328	0.020211458206176758	0.20956124	0.0023114681243896484	0.4800286	34.49337553977966	0.43455666	43.55962014198303	0.43449926376342773	31.125177145004272	0.4806653559207916	16.596712589263916	0.0	50
0.2145397576292164	0.0011775493621826172	0.20461340489333205	0.034429311752319336	0.21216151	0.037366628646850586	0.20366073	0.3803708553314209	0.21582910185205886	0.0009872913360595703	0.20461340489333205	0.034432172775268555	0.21153565	0.0026352405548095703	0.47836614	34.92333221435547	0.47500694	43.706204652786255	0.47570136189460754	31.415049076080322	0.4784177839756012	16.558382511138916	0.0	51
0.20225431361492907	0.0011055469512939453	0.20352706495160036	0.03280472755432129	0.20335497	0.026107311248779297	0.20292845	0.35314011573791504	0.20225431361492907	0.0010192394256591797	0.20352706495160036	0.03238368034362793	0.21362966	0.002494335174560547	0.48396397	34.353694915771484	0.4650633	45.11617565155029	0.4645734429359436	30.34239888191223	0.48437851667404175	16.670785427093506	0.0	52
0.21026563517423727	0.001102447509765625	0.20648307591356757	0.034308433532714844	0.21218683	0.033632516860961914	0.21002313	0.34743165969848633	0.2104759302270232	0.0010457038879394531	0.20648307591356757	0.033296823501586914	0.21378385	0.0022423267364501953	0.5115124	33.94420385360718	0.47754988	43.77563190460205	0.47753193974494934	31.224533796310425	0.5101664066314697	18.510085821151733	0.0	53
0.19111346845505406	0.0011806488037109375	0.17541694697632043	0.033119916915893555	0.18888858	0.03205728530883789	0.18171006	0.3493611812591553	0.19111346845505406	0.0010406970977783203	0.1754169469763205	0.03334999084472656	0.19068068	0.0022668838500976562	0.5718927	34.0928270816803	0.5420488	43.56786227226257	0.540199875831604	30.19871497154236	0.572141706943512	16.832581758499146	0.0	54
0.20565611741091772	0.0011057853698730469	0.19910935294613802	0.03261709213256836	0.20557724	0.03741455078125	0.19919188	0.3732414245605469	0.20565611741091772	0.0010457038879394531	0.19910935294613802	0.03254127502441406	0.21755402	0.0023152828216552734	0.67158103	34.900551557540894	0.60979664	44.02192711830139	0.6099809408187866	30.893616914749146	0.6717433929443359	16.925604820251465	0.0	55
0.22558662711576521	0.0011739730834960938	0.20849668423333073	0.03277254104614258	0.2235654	0.037065982818603516	0.20939809	0.4076075553894043	0.2254947506771103	0.0010094642639160156	0.20849668423333073	0.03337979316711426	0.21749043	0.0022895336151123047	0.58835685	34.84999990463257	0.52242523	43.827125787734985	0.523788571357727	29.897209644317627	0.5879424810409546	17.391217708587646	0.0	56
0.2353979245815733	0.0011856555938720703	0.2266219990996437	0.020356178283691406	0.24312095	0.03804302215576172	0.23066163	0.3262341022491455	0.2344844204193695	0.0010204315185546875	0.2266219990996437	0.03337550163269043	0.23879519	0.0023250579833984375	0.56964624	33.802881717681885	0.53455126	44.734500885009766	0.530306875705719	31.826871156692505	0.5697140097618103	16.860259771347046	0.0	57
0.18405579516866297	0.001119852066040039	0.17686695390476292	0.03181576728820801	0.18947214	0.030205249786376953	0.17645672	0.37640905380249023	0.18405579516866297	0.0010662078857421875	0.17686695390476292	0.03291606903076172	0.1911468	0.002446413040161133	0.45870626	34.3684446811676	0.41894913	43.608181953430176	0.41835206747055054	29.8821063041687	0.45950332283973694	17.47149109840393	0.0	58
0.17596832339498059	0.0010836124420166016	0.17173436062302172	0.034948110580444336	0.1878415	0.03966021537780762	0.170892	0.41168785095214844	0.17660206358502026	0.0010118484497070312	0.17173436062302172	0.03267502784729004	0.18428278	0.0023953914642333984	0.47641784	34.037850856781006	0.42385948	43.18502902984619	0.4236376881599426	29.81298518180847	0.47666841745376587	17.446736097335815	0.0	59
0.21133946167887896	0.0013942718505859375	0.209879154811036	0.03232288360595703	0.22061563	0.03137397766113281	0.20843072	0.3600780963897705	0.21760145115969057	0.0010590553283691406	0.20924769872769333	0.03295326232910156	0.21813057	0.0023679733276367188	0.3618264	34.16067838668823	0.5050303	42.06888556480408	0.5356227159500122	44.07975387573242	0.5303774476051331	21.40589714050293	0.25	60
0.231998280909715	0.0013895034790039062	0.22188150504801812	0.03311944007873535	0.2322836	0.034114837646484375	0.21690342	0.37944817543029785	0.2394472925573111	0.0010514259338378906	0.21782777566040862	0.033231258392333984	0.22926654	0.002602815628051758	0.33697397	33.91967797279358	0.4564297	40.62188482284546	0.48562124371528625	44.22692799568176	0.5039505362510681	23.87364363670349	0.25	61
0.23220432195437976	0.0015170574188232422	0.22447545887435147	0.03316020965576172	0.23414691	0.03715658187866211	0.22510181	0.41725587844848633	0.23781605515507653	0.0010478496551513672	0.22628356871946687	0.032624244689941406	0.240173	0.0023431777954101562	0.2991378	32.97207760810852	0.50231826	40.561793088912964	0.5430963039398193	42.231560945510864	0.5207368731498718	22.04443645477295	0.25	62
0.20231092732003372	0.0014989376068115234	0.19727804849866543	0.03459310531616211	0.20365529	0.026166200637817383	0.20142528	0.37322449684143066	0.20104633282197296	0.0010364055633544922	0.19928544455077765	0.02159857749938965	0.21347705	0.0023343563079833984	0.24182405	32.89053559303284	0.38458097	40.219035148620605	0.3990539014339447	43.14286398887634	0.41613873839378357	21.03703737258911	0.25	63
0.21928020240266854	0.0015683174133300781	0.20960732527274353	0.033837080001831055	0.22895445	0.03357887268066406	0.21292157	0.39026951789855957	0.2248639774991181	0.0010900497436523438	0.21255747629047564	0.03295254707336426	0.22854868	0.0033826828002929688	0.2743858	32.86918830871582	0.41222674	41.195560932159424	0.42846065759658813	42.37108063697815	0.4258919656276703	20.347487211227417	0.25	64
0.24274390787202715	0.0014650821685791016	0.2267428836573143	0.0222623348236084	0.24130419	0.033540964126586914	0.22554697	0.3940751552581787	0.23608989113538956	0.0012469291687011719	0.2270835057156577	0.03311491012573242	0.23626974	0.003191232681274414	0.3320971	32.51408123970032	0.4799567	40.760082721710205	0.4931277334690094	43.913594245910645	0.4643913805484772	21.136610746383667	0.25	65
0.21273064918680168	0.0013649463653564453	0.2123767099620248	0.03245949745178223	0.21178205	0.0381011962890625	0.2086027	0.4169189929962158	0.21892745328083996	0.0012214183807373047	0.21427697825080416	0.0316615104675293	0.21781789	0.0030150413513183594	0.31400576	32.67893147468567	0.46862516	41.05555295944214	0.5036455392837524	43.276532888412476	0.4931214153766632	22.269615173339844	0.25	66
0.1914817323665795	0.0014519691467285156	0.18607477928449123	0.034032583236694336	0.20079078	0.03400874137878418	0.18652745	0.37572813034057617	0.1851192598557911	0.0010781288146972656	0.18333331917558687	0.021824359893798828	0.19402301	0.0023393630981445312	0.24562807	32.76001715660095	0.40276	41.73877477645874	0.4254493713378906	42.445165157318115	0.3887401819229126	21.503791093826294	0.25	67
0.1875560575995179	0.0013751983642578125	0.17339818370377494	0.024118423461914062	0.17464222	0.027186870574951172	0.17311287	0.37344884872436523	0.18431259180387494	0.0010471343994140625	0.1773575519684976	0.03230690956115723	0.18430398	0.003186464309692383	0.25611117	32.62226700782776	0.42741287	40.07449913024902	0.4471787214279175	43.36358952522278	0.45651793479919434	20.830572605133057	0.25	68
0.24097774982220851	0.0014009475708007812	0.2192015473674967	0.03195595741271973	0.23369405	0.03519463539123535	0.22760564	0.3762505054473877	0.22988206131528263	0.0010838508605957031	0.22465886070987393	0.032914161682128906	0.23154227	0.0025916099548339844	0.31269374	32.793323040008545	0.4194304	41.7414436340332	0.43375474214553833	44.600507736206055	0.44794607162475586	21.792606353759766	0.25	69
0.2113279548232791	0.0013947486877441406	0.18731810388138512	0.034868478775024414	0.19662718	0.03184008598327637	0.18378666	0.39191579818725586	0.19103276222564636	0.0010592937469482422	0.18804849126216916	0.03457379341125488	0.19394161	0.0023653507232666016	0.2965367	32.91408157348633	0.43558922	40.04307699203491	0.4701533019542694	42.78066635131836	0.46524694561958313	22.059279203414917	0.5	70
0.18890444545684767	0.0015339851379394531	0.17083696264495338	0.03351616859436035	0.190944	0.035714149475097656	0.17283541	0.35066723823547363	0.1933475589495932	0.0010743141174316406	0.17216299263806933	0.0330510139465332	0.18075445	0.002780914306640625	0.35197863	33.02674865722656	0.38642693	40.90788507461548	0.40989410877227783	42.641170263290405	0.41200074553489685	20.864543437957764	0.5	71
0.21479190070725612	0.0019960403442382812	0.18995564704360973	0.03205275535583496	0.20549226	0.03670096397399902	0.19028336	0.38777971267700195	0.21734968697329168	0.0011165142059326172	0.19073003831523605	0.021825075149536133	0.1942533	0.0023429393768310547	0.35962805	31.806588172912598	0.46226454	40.28810095787048	0.48832184076309204	42.888829946517944	0.48202529549598694	22.02428388595581	0.5	72
0.224845971852978	0.0014123916625976562	0.21466785824896537	0.0341796875	0.22465888	0.038095712661743164	0.2127131	0.41138410568237305	0.21906871043285392	0.0010113716125488281	0.2110174898326587	0.021427631378173828	0.22287738	0.0023086071014404297	0.36364684	32.66168475151062	0.4265298	41.38671636581421	0.4646664261817932	41.62594556808472	0.4575197994709015	19.671066284179688	0.5	73
0.1993708399269156	0.0016071796417236328	0.19858725716114428	0.03390622138977051	0.20147394	0.030368804931640625	0.19322549	0.34150004386901855	0.19993849566700853	0.0010578632354736328	0.2007900198077044	0.032601118087768555	0.2129805	0.002529621124267578	0.42546156	33.39401078224182	0.53408355	39.39487838745117	0.5711268782615662	43.00937247276306	0.5718419551849365	19.814144134521484	0.5	74
0.23071155759279222	0.0014464855194091797	0.21850633216794377	0.02215290069580078	0.22997198	0.03482866287231445	0.21923062	0.38967394828796387	0.22049365919707217	0.0010118484497070312	0.21815238571126744	0.032692670822143555	0.2341731	0.0027310848236083984	0.32849962	32.846641063690186	0.44239163	41.412532806396484	0.47421181201934814	42.265976428985596	0.46300095319747925	21.19016671180725	0.5	75
0.2347064101840919	0.0014955997467041016	0.22465034965343073	0.033361196517944336	0.23283489	0.03772544860839844	0.21578178	0.40513157844543457	0.22342614649420203	0.001169443130493164	0.21629401884633445	0.033072710037231445	0.2321188	0.002482891082763672	0.32464898	32.400803089141846	0.43839368	42.13617420196533	0.4536411166191101	42.566967248916626	0.48066219687461853	22.096628665924072	0.5	76
0.16946259057790455	0.0015475749969482422	0.16795307701382856	0.03350043296813965	0.17928053	0.03634929656982422	0.16822362	0.3893613815307617	0.18217276522600187	0.0011110305786132812	0.17155690765075943	0.02166008949279785	0.17545483	0.002733945846557617	0.37353778	32.72969675064087	0.427098	40.96269989013672	0.45599254965782166	42.00683569908142	0.47380828857421875	21.475258111953735	0.5	77
0.18472963924723565	0.0014221668243408203	0.1601648056357522	0.03319835662841797	0.16118369	0.032567739486694336	0.15454826	0.33951330184936523	0.1721322101871288	0.0010607242584228516	0.1579900753157883	0.03401041030883789	0.1805696	0.003076791763305664	0.35415235	32.20669960975647	0.43228716	41.469313859939575	0.46831637620925903	43.37593412399292	0.47979670763015747	20.468456029891968	0.5	78
0.1957439048523625	0.0013747215270996094	0.18364890845440163	0.0332188606262207	0.18791743	0.034604787826538086	0.18318443	0.39080071449279785	0.19136033114000411	0.0010535717010498047	0.18228496970052102	0.03208422660827637	0.19935547	0.0025844573974609375	0.38923767	32.23009705543518	0.5087259	41.27232503890991	0.551239013671875	42.08041286468506	0.576134443283081	20.850275993347168	0.5	79
0.21914507397259536	0.0014224052429199219	0.19429930627000283	0.032788753509521484	0.20452604	0.03694963455200195	0.19604665	0.38294291496276855	0.20214377421840082	0.0010685920715332031	0.19388717227667857	0.03273916244506836	0.20195466	0.0023279190063476562	0.39766082	31.441762447357178	0.4051446	40.23941230773926	0.46750789880752563	43.00198721885681		21.08129334449768	1.0	80
0.18457693019469862	0.001936197280883789	0.1760945776518489	0.033802032470703125	0.174099	0.03808903694152832	0.18069132	0.3932821750640869	0.18998113861741692	0.0010287761688232422	0.17680005240943472	0.03266716003417969	0.18575855	0.002443075180053711	0.3892442	31.951008319854736	0.41734925	41.62419676780701	0.4902380704879761	43.20095443725586	0.4905026853084564	19.992273330688477	1.0	81
0.20668051624469905	0.0014650821685791016	0.20560617774128148	0.034034013748168945	0.22231138	0.031381845474243164	0.20346539	0.3840651512145996	0.2295409665647058	0.0010800361633300781	0.21055833257202025	0.02210235595703125	0.2180806	0.003434419631958008	0.41132206	31.885414600372314	0.46964547	41.38214182853699		42.933754205703735		20.97488808631897	1.0	82
0.18507159837417814	0.0014889240264892578	0.18093278171384006	0.03240013122558594	0.18565732	0.027815818786621094	0.18128146	0.39051151275634766	0.18435799580745793	0.001012563705444336	0.18596932803701455	0.03286123275756836	0.18603107	0.0024483203887939453	0.4397572	31.690679788589478	0.44232363	40.72155451774597	0.5086060166358948	42.59992814064026	0.5060603022575378	23.739630222320557	1.0	83
0.27651405877192337	0.0014693737030029297	0.2424974003995415	0.03317618370056152	0.26527026	0.03252887725830078	0.24265571	0.40767407417297363	0.25263923267525856	0.0011012554168701172	0.24715032451215035	0.03269076347351074	0.2469954	0.0027153491973876953	0.37021902	32.653642416000366	0.4579629	41.339712619781494	0.5172331929206848	43.08623433113098	0.510875940322876	20.64225745201111	1.0	84
0.18611777415217848	0.0016829967498779297	0.1716075916269905	0.03394579887390137	0.19256973	0.029706478118896484	0.17176887	0.3811218738555908	0.18157239228542793	0.0010514259338378906	0.16809770396107154	0.032187700271606445	0.16315734	0.0025932788848876953	0.52762055	31.82266116142273	0.55750865	39.54386782646179	0.6353079676628113	41.59694981575012	0.6482564210891724	22.446863651275635	1.0	85
0.21495071770493615	0.0014138221740722656	0.20579348820434418	0.03244352340698242	0.22404799	0.034366607666015625	0.20543772	0.37486863136291504	0.21364422712886028	0.0011050701141357422	0.20520852676507287	0.032268524169921875	0.2117276	0.0023763179779052734	0.5006095	32.54558825492859	0.5441449	42.142606019973755	0.6084336042404175	42.88991093635559	0.5879307389259338	20.13132905960083	1.0	86
0.21842555110649922	0.0013666152954101562	0.19896863305663326	0.03537583351135254	0.21154846	0.03418564796447754	0.19822706	0.3871002197265625	0.2100080437525555	0.0010328292846679688	0.19686176373884678	0.03291821479797363	0.213021	0.002571582794189453	0.43547124	32.0197057723999	0.48926938	40.525267124176025	0.5708956718444824	43.034897565841675		19.66196584701538	1.0	87
0.19185164188758325	0.0014495849609375	0.19436836846026256	0.03504180908203125	0.20240621	0.032301902770996094	0.1904954	0.385087251663208	0.201877925595914	0.0010693073272705078	0.1921218905690725	0.032919883728027344	0.19071566	0.0024728775024414062	0.50333446	32.78635597229004	0.5230868	41.322505712509155	0.6011277437210083	43.08092927932739		21.40343141555786	1.0	88
0.18217032125804286	0.0014438629150390625	0.18070964476030404	0.03230929374694824	0.18977763	0.03762984275817871	0.18040326	0.38076281547546387	0.18831431734223075	0.0010030269622802734	0.18100630334743537	0.03441762924194336	0.18552442	0.0029990673065185547	0.4563912	32.91340661048889	0.48827726	41.39642071723938	0.5666218400001526	43.27086591720581	0.5604323148727417	20.04867959022522	1.0	89
0.2715891139595654	0.001402139663696289	0.25883996755479877	0.022228479385375977	0.257122	0.03658413887023926	0.25096154	0.3913140296936035	0.2666379122361453	0.0010526180267333984	0.26274589797377335	0.033663034439086914	0.28007194	0.002413034439086914	0.6078823	31.864643812179565	0.56514555	40.260058879852295		43.379443645477295		21.50132131576538	2.0	90
0.16874582380947242	0.0014963150024414062	0.1576419349137923	0.0338892936706543	0.15678057	0.031041383743286133	0.15162711	0.37341904640197754	0.15382575398542106	0.0010845661163330078	0.149095053061409	0.03203630447387695	0.16245264	0.0027008056640625	0.3945694	32.17419195175171	0.38727543	39.88326168060303		42.06311249732971		21.289027452468872	2.0	91
0.18303470921736473	0.001468658447265625	0.1765762939400772	0.02401566505432129	0.19416052	0.036774396896362305	0.17561074	0.38603973388671875	0.18068788366375563	0.0010366439819335938	0.17991209946542597	0.032709598541259766	0.19052203	0.0023543834686279297	0.43194568	33.17298412322998	0.40727946	41.46109318733215		42.09545612335205		20.027209758758545	2.0	92
0.2450699686124112	0.0013880729675292969	0.23410889207654864	0.03399205207824707	0.24762093	0.03853321075439453	0.23911284	0.4165070056915283	0.23790816842074755	0.0010485649108886719	0.23020848949228626	0.03306865692138672	0.25610077	0.0023179054260253906	0.55749947	32.36592888832092	0.5282891	39.62462544441223		43.71819996833801		21.27810502052307	2.0	93
0.2255019820358707	0.0013554096221923828	0.21799619697863482	0.031661272048950195	0.23252632	0.036975860595703125	0.21920076	0.3917825222015381	0.2209113899445656	0.0010251998901367188	0.2190690662546185	0.032881736755371094	0.23462696	0.0025854110717773438	0.45817494	32.37947368621826	0.45878762	40.559452056884766		43.01390743255615		23.208803176879883	2.0	94
0.17875692578700902	0.0015838146209716797	0.17217040495913408	0.03353309631347656	0.1948673	0.03777360916137695	0.17032804	0.3939633369445801	0.1774213216580087	0.0010576248168945312	0.17569325234338024	0.03243112564086914	0.19071311	0.003000020980834961	0.41953483	32.36901354789734	0.39648968	40.77871751785278		42.02448892593384		20.307844161987305	2.0	95
0.19333368056015124	0.0013980865478515625	0.1922357223898888	0.03427767753601074	0.19665967	0.03397703170776367	0.19715162	0.38072824478149414	0.20057462930078226	0.0011096000671386719	0.1948381403818447	0.03204774856567383	0.2031128	0.002455472946166992	0.45888484	32.143768310546875	0.43852568	40.28333258628845		43.11458444595337		20.159876585006714	2.0	96
0.2120405691206614	0.0015158653259277344	0.2037479666837642	0.03300952911376953	0.22386338	0.03557324409484863	0.2030018	0.4030323028564453	0.22404792018200148	0.0010411739349365234	0.22070616213891864	0.033190250396728516	0.22639087	0.002485990524291992	0.5003563	31.714754104614258	0.51412416	40.65189480781555		44.074522256851196		22.16058111190796	2.0	97
0.22680028016246495	0.001379251480102539	0.22214848015128907	0.021380901336669922	0.22777198	0.03868579864501953	0.21253304	0.3872377872467041	0.25276374433651594	0.0010523796081542969	0.22379119286405535	0.03176760673522949	0.23439652	0.0027534961700439453	0.43703064	31.743238925933838	0.43554822	41.092243671417236		43.79234170913696		29.27721405029297	2.0	98
0.2443189431833683	0.0013370513916015625	0.2264108508707744	0.03476309776306152	0.22936541	0.03435707092285156	0.22367904	0.3934922218322754	0.2437253901268716	0.0010008811950683594	0.22737181226536488	0.03478384017944336	0.24408191	0.002994537353515625	0.49474806	33.830986738204956	0.47020894	41.50024747848511		44.596561670303345		29.98863410949707	2.0	99
0.2161197100435034	0.0013692378997802734	0.2083722520099154	0.032534122467041016	0.21932815	0.03808999061584473	0.20608677	0.38997340202331543	0.21681754788905563	0.0010216236114501953	0.20104199440018503	0.034475088119506836	0.22272708	0.0024819374084472656	0.44788104	32.069480895996094	0.4598255	40.56120204925537		45.318204402923584		31.105247259140015	4.0	100
0.23330546698353447	0.0013377666473388672	0.23105966752165105	0.020004749298095703	0.24292637	0.03225135803222656	0.230135	0.36332058906555176	0.23875443257134166	0.0009877681732177734	0.2324994249784614	0.03281211853027344	0.24960753	0.002307415008544922	0.48495206	33.18267321586609	0.47315088	39.48914384841919		45.082361698150635		33.441383361816406	4.0	101
0.1995490173330859	0.0013403892517089844	0.18490229404783273	0.03257465362548828	0.19199686	0.033049821853637695	0.18540281	0.38462233543395996	0.20118427390478796	0.0010023117065429688	0.19518060181801913	0.02230691909790039	0.19803791	0.0023756027221679688	0.40178955	33.14192199707031	0.3924327	41.58513021469116		44.656102418899536		29.370314359664917	4.0	102
0.1910885361400639	0.00150299072265625	0.17944402992386824	0.0335392951965332	0.19389957	0.03519010543823242	0.1807212	0.38998866081237793	0.19150516262207012	0.0010099411010742188	0.1798883533573207	0.03271842002868652	0.19233133	0.002474069595336914	0.5104027	30.75930094718933	0.48902783	40.897724628448486		45.35896110534668		34.01614022254944	4.0	103
0.1990824231483216	0.0015239715576171875	0.19382898475379282	0.034079551696777344	0.21098259	0.04174494743347168	0.19637422	0.4010145664215088	0.20575644905269982	0.0010352134704589844	0.19737747014107931	0.033002614974975586	0.19990882	0.0024042129516601562	0.45342594	33.47140073776245	0.46062052	40.9228994846344		43.1294424533844		25.710973024368286	4.0	104
0.2300206492666047	0.0013322830200195312	0.22383415702603066	0.03440284729003906	0.25615433	0.03104996681213379	0.22591631	0.36565637588500977	0.23969903228853945	0.0010089874267578125	0.2246898945439686	0.03402876853942871	0.23908842	0.0023734569549560547	0.42629132	33.502161264419556	0.3944868	42.53931546211243		44.603307247161865		30.403685331344604	4.0	105
0.18739013559243262	0.0013396739959716797	0.17556559242724526	0.0322270393371582	0.18194604	0.041834115982055664	0.17595445	0.38543033599853516	0.1913997425944216	0.0009684562683105469	0.18284776277314505	0.0332188606262207	0.17339203	0.002379894256591797	0.4669027	32.85597610473633	0.45078543	40.0788996219635		45.59010910987854		29.995280504226685	4.0	106
0.21805045990944807	0.0015025138854980469	0.21637351672571561	0.03629779815673828	0.23881511	0.03989529609680176	0.21981795	0.3875091075897217	0.2275677696963926	0.0010883808135986328	0.217015476640098	0.03264498710632324	0.230485	0.002299070358276367	0.50843614	33.42249369621277	0.46980476	40.86148762702942		44.089874505996704		28.799179792404175	4.0	107
0.20151997726244097	0.001352071762084961	0.18513630325285202	0.03407430648803711	0.19485773	0.03160381317138672	0.18038344	0.3801534175872803	0.19252120275951354	0.0010347366333007812	0.187776773396509	0.03248763084411621	0.20031698	0.002565145492553711	0.4446527	33.89161276817322	0.42371473	41.5954806804657		45.849754095077515		29.516155004501343	4.0	108
0.2268722422780915	0.0013968944549560547	0.21564142476739925	0.03427481651306152	0.2297597	0.0410161018371582	0.2150609	0.3764307498931885	0.21516179275749475	0.0010027885437011719	0.21041896911559774	0.03312373161315918	0.22322187	0.0024535655975341797	0.46842328	33.13691067695618	0.46594998	42.33231544494629		45.561490535736084		28.62011694908142	4.0	109
