sklearn_dt_f1-micro	sklearn_dt_accuracy	sklearn_dt_time	sklearn_rf_f1-micro	sklearn_rf_accuracy	sklearn_rf_time	product_dt_f1-micro	product_dt_accuracy	product_dt_time	product_rf_f1-micro	product_rf_accuracy	product_rf_time	tangent_dt_f1-micro	tangent_dt_accuracy	tangent_dt_time	tangent_rf_f1-micro	tangent_rf_accuracy	tangent_rf_time	knn_f1-micro	knn_accuracy	knn_time	ps_perceptron_f1-micro	ps_perceptron_accuracy	ps_perceptron_time	svm_f1-micro	svm_accuracy	svm_time	ps_svm_f1-micro	ps_svm_accuracy	ps_svm_time	ambient_mlp_f1-micro	ambient_mlp_accuracy	ambient_mlp_time	tangent_mlp_f1-micro	tangent_mlp_accuracy	tangent_mlp_time	ambient_gnn_f1-micro	ambient_gnn_accuracy	ambient_gnn_time	kappa_gcn_f1-micro	kappa_gcn_accuracy	kappa_gcn_time	product_mlr_f1-micro	product_mlr_accuracy	product_mlr_time	curvature	seed
0.355	0.355	0.0012197494506835938	0.385	0.385	0.03442215919494629	0.37	0.37	0.009401082992553711	0.375	0.375	0.0987558364868164	0.34	0.34	0.0009148120880126953	0.35	0.35	0.0325932502746582	0.4	0.4	0.0023844242095947266	0.195	0.195	0.01030111312866211	0.195	0.195	0.0503077507019043	0.18	0.18	1.4212775230407715	0.185	0.185	4.135098457336426	0.27	0.27	4.108523368835449	0.085	0.085	6.018511056900024	0.11	0.11	8.075483798980713	0.27	0.27	2.2637271881103516	-4.0	0
0.345	0.345	0.0011627674102783203	0.345	0.345	0.036683082580566406	0.41	0.41	0.0162050724029541	0.45	0.45	0.10027956962585449	0.39	0.39	0.0009050369262695312	0.425	0.425	0.03281068801879883	0.45	0.45	0.0024280548095703125	0.125	0.125	0.010358572006225586	0.15	0.15	0.017296791076660156	0.205	0.205	1.462766170501709	0.24	0.24	4.3567891120910645	0.39	0.39	4.339591026306152	0.235	0.235	6.059556007385254	0.15	0.15	8.280130863189697	0.325	0.325	2.812021017074585	-4.0	1
0.29	0.29	0.0011680126190185547	0.27	0.27	0.03373074531555176	0.31	0.31	0.00940847396850586	0.325	0.325	0.09962105751037598	0.31	0.31	0.0009264945983886719	0.34	0.34	0.03343510627746582	0.34	0.34	0.0024127960205078125	0.165	0.165	0.010480403900146484	0.2	0.2	0.03705573081970215	0.205	0.205	1.4254353046417236	0.21	0.21	4.3591697216033936	0.28	0.28	4.367972135543823	0.2	0.2	6.080568790435791	0.2	0.2	8.02353549003601	0.255	0.255	2.759373188018799	-4.0	2
0.37	0.37	0.0011816024780273438	0.375	0.375	0.034348249435424805	0.41	0.41	0.015445470809936523	0.465	0.465	0.10155606269836426	0.345	0.345	0.0009136199951171875	0.37	0.37	0.03629136085510254	0.415	0.415	0.002546548843383789	0.145	0.145	0.01036381721496582	0.21	0.21	0.009085893630981445	0.215	0.215	1.4802989959716797	0.24	0.24	4.155644416809082	0.27	0.27	4.270826578140259	0.325	0.325	5.8704633712768555	0.34	0.34	7.892476558685303	0.305	0.305	2.7645680904388428	-4.0	3
0.385	0.385	0.0011785030364990234	0.355	0.355	0.03362250328063965	0.39	0.39	0.013267993927001953	0.455	0.455	0.10343527793884277	0.375	0.375	0.0008900165557861328	0.36	0.36	0.03420710563659668	0.445	0.445	0.002469301223754883	0.285	0.285	0.010422706604003906	0.055	0.055	0.016353368759155273	0.285	0.285	1.4386396408081055	0.36	0.36	4.389503002166748	0.38	0.38	4.191448450088501	0.285	0.285	5.905200719833374	0.36	0.36	7.937971115112305	0.275	0.275	2.7692525386810303	-4.0	4
0.31	0.31	0.0011794567108154297	0.3	0.3	0.03296709060668945	0.31	0.31	0.009191513061523438	0.35	0.35	0.10180044174194336	0.35	0.35	0.0009112358093261719	0.35	0.35	0.03524947166442871	0.435	0.435	0.002424955368041992	0.18	0.18	0.010365724563598633	0.145	0.145	0.013769149780273438	0.145	0.145	1.4417836666107178	0.145	0.145	4.3300111293792725	0.145	0.145	4.16435980796814	0.105	0.105	5.830324172973633	0.105	0.105	8.087121963500977	0.21	0.21	2.8604493141174316	-4.0	5
0.255	0.255	0.0012118816375732422	0.26	0.26	0.03347587585449219	0.335	0.335	0.014394283294677734	0.335	0.335	0.10123085975646973	0.265	0.265	0.0009298324584960938	0.275	0.275	0.03377866744995117	0.35	0.35	0.002561330795288086	0.145	0.145	0.010444879531860352	0.155	0.155	0.007032871246337891	0.215	0.215	1.4848294258117676	0.235	0.235	4.398947477340698	0.245	0.245	4.350984334945679	0.045	0.045	5.954281568527222	0.145	0.145	7.956108331680298	0.27	0.27	2.7690770626068115	-4.0	6
0.31	0.31	0.0012066364288330078	0.285	0.285	0.033335208892822266	0.31	0.31	0.009171724319458008	0.325	0.325	0.10151958465576172	0.3	0.3	0.0009088516235351562	0.305	0.305	0.035064697265625	0.31	0.31	0.0024046897888183594	0.13	0.13	0.010461807250976562	0.13	0.13	0.009364128112792969	0.165	0.165	1.452974796295166	0.24	0.24	4.225438833236694	0.22	0.22	4.205384731292725	0.17	0.17	5.818767309188843	0.085	0.085	7.976858139038086	0.27	0.27	2.771151304244995	-4.0	7
0.31	0.31	0.0012195110321044922	0.285	0.285	0.0355379581451416	0.32	0.32	0.0158383846282959	0.305	0.305	0.09968066215515137	0.305	0.305	0.0009160041809082031	0.295	0.295	0.03388857841491699	0.385	0.385	0.002446413040161133	0.135	0.135	0.010448455810546875	0.16	0.16	0.02139115333557129	0.27	0.27	1.5487101078033447	0.27	0.27	4.272187948226929	0.27	0.27	4.179542064666748	0.27	0.27	5.829952239990234	0.27	0.27	7.941888809204102	0.245	0.245	2.7716994285583496	-4.0	8
0.285	0.285	0.0012428760528564453	0.245	0.245	0.03467416763305664	0.315	0.315	0.01348114013671875	0.34	0.34	0.09955930709838867	0.31	0.31	0.0009062290191650391	0.345	0.345	0.03364896774291992	0.35	0.35	0.002469778060913086	0.135	0.135	0.01049494743347168	0.135	0.135	0.02483201026916504	0.18	0.18	1.3975658416748047	0.17	0.17	4.433261871337891	0.235	0.235	4.450181245803833	0.13	0.13	10.699082612991333	0.13	0.13	14.469299793243408	0.135	0.135	2.7753167152404785	-4.0	9
0.295	0.295	0.001190185546875	0.31	0.31	0.03383612632751465	0.325	0.325	0.013207197189331055	0.36	0.36	0.10145688056945801	0.305	0.305	0.0009129047393798828	0.345	0.345	0.03478097915649414	0.34	0.34	0.0024733543395996094	0.235	0.235	0.010349512100219727	0.165	0.165	0.006782054901123047	0.19	0.19	1.4496114253997803	0.225	0.225	4.293289661407471	0.295	0.295	4.175362825393677	0.075	0.075	5.800722360610962	0.165	0.165	7.917045831680298	0.25	0.25	2.78098464012146	-2.0	10
0.285	0.285	0.0012149810791015625	0.245	0.245	0.034851789474487305	0.33	0.33	0.012665748596191406	0.345	0.345	0.1012275218963623	0.285	0.285	0.0009222030639648438	0.32	0.32	0.03317093849182129	0.345	0.345	0.002425670623779297	0.12	0.12	0.010430574417114258	0.24	0.24	0.00627446174621582	0.125	0.125	1.4493358135223389	0.26	0.26	4.18982720375061	0.28	0.28	4.156673192977905	0.08	0.08	5.761209487915039	0.24	0.24	7.932170152664185	0.29	0.29	2.5938243865966797	-2.0	11
0.3	0.3	0.0011968612670898438	0.32	0.32	0.03354668617248535	0.255	0.255	0.01338338851928711	0.355	0.355	0.10137009620666504	0.305	0.305	0.0009052753448486328	0.32	0.32	0.03444361686706543	0.36	0.36	0.002439260482788086	0.16	0.16	0.010360240936279297	0.225	0.225	0.006750583648681641	0.22	0.22	1.4708752632141113	0.235	0.235	4.332326173782349	0.295	0.295	4.379279375076294	0.155	0.155	5.867814540863037	0.155	0.155	8.01432752609253	0.235	0.235	1.5203619003295898	-2.0	12
0.325	0.325	0.0012242794036865234	0.295	0.295	0.03371930122375488	0.295	0.295	0.009429693222045898	0.3	0.3	0.10374784469604492	0.28	0.28	0.0008933544158935547	0.315	0.315	0.03523111343383789	0.285	0.285	0.002508878707885742	0.17	0.17	0.010431051254272461	0.15	0.15	0.006876707077026367	0.135	0.135	1.4662997722625732	0.235	0.235	7.456212282180786	0.235	0.235	7.832524061203003	0.115	0.115	10.630316257476807	0.185	0.185	9.661194086074829	0.22	0.22	2.770718812942505	-2.0	13
0.365	0.365	0.0012047290802001953	0.335	0.335	0.03308439254760742	0.325	0.325	0.01572442054748535	0.335	0.335	0.1023712158203125	0.38	0.38	0.0009245872497558594	0.345	0.345	0.03533601760864258	0.305	0.305	0.002476930618286133	0.145	0.145	0.010416746139526367	0.265	0.265	0.0061800479888916016	0.265	0.265	1.429811716079712	0.075	0.075	4.200345516204834	0.26	0.26	4.221453905105591	0.075	0.075	5.821342468261719	0.15	0.15	8.011247634887695	0.26	0.26	2.7600789070129395	-2.0	14
0.295	0.295	0.0012106895446777344	0.3	0.3	0.03260183334350586	0.315	0.315	0.015540122985839844	0.365	0.365	0.1011357307434082	0.28	0.28	0.0009150505065917969	0.35	0.35	0.0357213020324707	0.38	0.38	0.0024633407592773438	0.165	0.165	0.010350465774536133	0.165	0.165	0.007087230682373047	0.205	0.205	1.507286787033081	0.275	0.275	4.1981329917907715	0.3	0.3	4.15549635887146	0.085	0.085	5.8528571128845215	0.065	0.065	8.154163599014282	0.235	0.235	2.768354892730713	-2.0	15
0.37	0.37	0.001199960708618164	0.365	0.365	0.033265113830566406	0.355	0.355	0.016777992248535156	0.385	0.385	0.10664200782775879	0.345	0.345	0.0009341239929199219	0.42	0.42	0.033392906188964844	0.425	0.425	0.0024919509887695312	0.145	0.145	0.01039743423461914	0.17	0.17	0.005846977233886719	0.3	0.3	1.5095441341400146	0.3	0.3	4.208455801010132	0.32	0.32	4.203216791152954	0.3	0.3	6.013469696044922	0.3	0.3	8.178825616836548	0.34	0.34	2.8452248573303223	-2.0	16
0.265	0.265	0.0011887550354003906	0.3	0.3	0.03188729286193848	0.325	0.325	0.016504526138305664	0.345	0.345	0.0993034839630127	0.315	0.315	0.0009248256683349609	0.315	0.315	0.03314805030822754	0.35	0.35	0.0024285316467285156	0.155	0.155	0.010448694229125977	0.225	0.225	0.006490468978881836	0.225	0.225	1.5113749504089355	0.29	0.29	4.4361021518707275	0.085	0.085	4.405488967895508	0.12	0.12	6.108351230621338	0.225	0.225	8.289405345916748	0.275	0.275	2.3637847900390625	-2.0	17
0.385	0.385	0.0011909008026123047	0.39	0.39	0.03389120101928711	0.47	0.47	0.013731956481933594	0.415	0.415	0.10398364067077637	0.41	0.41	0.0009446144104003906	0.42	0.42	0.03700733184814453	0.415	0.415	0.002573728561401367	0.16	0.16	0.010433673858642578	0.175	0.175	0.005598306655883789	0.395	0.395	1.6187381744384766	0.16	0.16	4.62916898727417	0.4	0.4	4.865598201751709	0.175	0.175	10.60487961769104	0.4	0.4	12.079054355621338	0.435	0.435	2.7082784175872803	-2.0	18
0.415	0.415	0.0011920928955078125	0.45	0.45	0.2213430404663086	0.435	0.435	0.017696142196655273	0.445	0.445	0.10195350646972656	0.39	0.39	0.0009222030639648438	0.47	0.47	0.034332275390625	0.52	0.52	0.0024483203887939453	0.145	0.145	0.010465145111083984	0.145	0.145	0.0066835880279541016	0.125	0.125	1.441774606704712	0.32	0.32	4.1706624031066895	0.31	0.31	4.201925754547119	0.185	0.185	5.831279754638672	0.145	0.145	7.907562494277954	0.19	0.19	2.483246326446533	-2.0	19
0.36	0.36	0.0012059211730957031	0.36	0.36	0.03319525718688965	0.36	0.36	0.013520956039428711	0.435	0.435	0.09904742240905762	0.42	0.42	0.0009024143218994141	0.395	0.395	0.03470420837402344	0.32	0.32	0.0024271011352539062	0.135	0.135	0.010465860366821289	0.315	0.315	0.006920576095581055	0.31	0.31	1.4532411098480225	0.31	0.31	4.196617364883423	0.455	0.455	4.190059423446655	0.115	0.115	5.79850172996521	0.315	0.315	8.073580980300903	0.345	0.345	2.1246986389160156	-1.0	20
0.375	0.375	0.0012054443359375	0.375	0.375	0.03507065773010254	0.41	0.41	0.013741731643676758	0.425	0.425	0.10242247581481934	0.375	0.375	0.0009179115295410156	0.425	0.425	0.03483104705810547	0.325	0.325	0.002550840377807617	0.17	0.17	0.010625362396240234	0.315	0.315	0.005820274353027344	0.315	0.315	1.5124757289886475	0.325	0.325	4.298507452011108	0.395	0.395	4.1634202003479	0.17	0.17	6.017524480819702	0.17	0.17	7.9885571002960205	0.37	0.37	2.599719762802124	-1.0	21
0.245	0.245	0.0012180805206298828	0.27	0.27	0.03405189514160156	0.27	0.27	0.014785528182983398	0.305	0.305	0.10082864761352539	0.255	0.255	0.0009243488311767578	0.275	0.275	0.03438162803649902	0.32	0.32	0.0025331974029541016	0.185	0.185	0.010457277297973633	0.165	0.165	0.007106781005859375	0.165	0.165	1.5434331893920898	0.195	0.195	4.411145925521851	0.28	0.28	4.300765752792358	0.12	0.12	6.361854791641235	0.185	0.185	8.100826263427734	0.18	0.18	2.761007308959961	-1.0	22
0.315	0.315	0.001188516616821289	0.31	0.31	0.034116506576538086	0.345	0.345	0.015396356582641602	0.345	0.345	0.1022496223449707	0.28	0.28	0.0009164810180664062	0.305	0.305	0.03237295150756836	0.31	0.31	0.0024802684783935547	0.14	0.14	0.010476112365722656	0.165	0.165	0.0071868896484375	0.165	0.165	1.462451696395874	0.285	0.285	4.23868989944458	0.315	0.315	4.286166429519653	0.165	0.165	5.7950828075408936	0.045	0.045	8.20273470878601	0.27	0.27	2.8382649421691895	-1.0	23
0.27	0.27	0.0011925697326660156	0.275	0.275	0.035144805908203125	0.25	0.25	0.016304969787597656	0.24	0.24	0.10041213035583496	0.215	0.215	0.000934600830078125	0.245	0.245	0.03500103950500488	0.335	0.335	0.002499818801879883	0.135	0.135	0.01051187515258789	0.135	0.135	0.0069506168365478516	0.115	0.115	1.4966206550598145	0.275	0.275	4.417335033416748	0.225	0.225	4.368471145629883	0.145	0.145	6.157513856887817	0.145	0.145	8.297391891479492	0.235	0.235	2.813939094543457	-1.0	24
0.375	0.375	0.0012149810791015625	0.31	0.31	0.03563809394836426	0.315	0.315	0.01615738868713379	0.315	0.315	0.10083484649658203	0.39	0.39	0.0009617805480957031	0.395	0.395	0.03247690200805664	0.345	0.345	0.002488851547241211	0.18	0.18	0.010575294494628906	0.185	0.185	0.006443023681640625	0.185	0.185	1.472229242324829	0.27	0.27	4.356146574020386	0.185	0.185	4.242624521255493	0.185	0.185	9.317766904830933	0.155	0.155	14.497955322265625	0.265	0.265	2.8948023319244385	-1.0	25
0.28	0.28	0.001226186752319336	0.23	0.23	0.03454756736755371	0.275	0.275	0.009709596633911133	0.345	0.345	0.10290122032165527	0.31	0.31	0.0009641647338867188	0.275	0.275	0.03327298164367676	0.34	0.34	0.002466917037963867	0.155	0.155	0.010647773742675781	0.14	0.14	0.006693840026855469	0.14	0.14	1.4662346839904785	0.265	0.265	4.342673301696777	0.3	0.3	4.272444248199463	0.15	0.15	6.053035259246826	0.075	0.075	8.421743869781494	0.18	0.18	2.788003444671631	-1.0	26
0.285	0.285	0.001214742660522461	0.295	0.295	0.03300166130065918	0.325	0.325	0.013394832611083984	0.325	0.325	0.10214877128601074	0.28	0.28	0.0009431838989257812	0.315	0.315	0.034331560134887695	0.235	0.235	0.0024738311767578125	0.205	0.205	0.010534524917602539	0.165	0.165	0.00639033317565918	0.165	0.165	1.4980947971343994	0.185	0.185	4.257733345031738	0.29	0.29	4.285261392593384	0.205	0.205	6.303772211074829	0.065	0.065	9.172420501708984	0.315	0.315	2.8014957904815674	-1.0	27
0.23	0.23	0.0012502670288085938	0.275	0.275	0.03354644775390625	0.235	0.235	0.009765386581420898	0.305	0.305	0.10345602035522461	0.24	0.24	0.0009968280792236328	0.235	0.235	0.034605979919433594	0.26	0.26	0.002642393112182617	0.1	0.1	0.010582685470581055	0.17	0.17	0.0074236392974853516	0.175	0.175	1.5159876346588135	0.245	0.245	7.674638509750366	0.205	0.205	7.7390687465667725	0.18	0.18	6.158189535140991	0.1	0.1	8.364193439483643	0.25	0.25	2.8510799407958984	-1.0	28
0.26	0.26	0.0013804435729980469	0.28	0.28	0.03292226791381836	0.285	0.285	0.017711877822875977	0.28	0.28	0.10347867012023926	0.275	0.275	0.0009348392486572266	0.28	0.28	0.03291440010070801	0.315	0.315	0.002665281295776367	0.15	0.15	0.010585784912109375	0.185	0.185	0.006588935852050781	0.19	0.19	1.5743615627288818	0.225	0.225	4.386440277099609	0.23	0.23	4.34037971496582	0.185	0.185	5.9727783203125	0.18	0.18	8.13151741027832	0.215	0.215	2.7737927436828613	-1.0	29
0.31	0.31	0.0012192726135253906	0.31	0.31	0.03396153450012207	0.305	0.305	0.009611845016479492	0.3	0.3	0.10317063331604004	0.29	0.29	0.0009613037109375	0.31	0.31	0.03327012062072754	0.275	0.275	0.0024847984313964844	0.17	0.17	0.010447978973388672	0.28	0.28	0.0061681270599365234	0.275	0.275	1.5217723846435547	0.29	0.29	4.68935751914978	0.285	0.285	4.421893119812012	0.14	0.14	6.0228917598724365	0.14	0.14	8.250372409820557	0.275	0.275	2.7502615451812744	-0.5	30
0.29	0.29	0.001222372055053711	0.295	0.295	0.034622907638549805	0.31	0.31	0.009450435638427734	0.365	0.365	0.10042142868041992	0.315	0.315	0.0009198188781738281	0.315	0.315	0.03525376319885254	0.24	0.24	0.002391338348388672	0.155	0.155	0.010491132736206055	0.28	0.28	0.006550788879394531	0.27	0.27	1.5177462100982666	0.28	0.28	4.4113428592681885	0.335	0.335	4.432523965835571	0.085	0.085	6.0944437980651855	0.1	0.1	8.333189487457275	0.28	0.28	2.7957820892333984	-0.5	31
0.275	0.275	0.0012176036834716797	0.29	0.29	0.032637596130371094	0.315	0.315	0.014295578002929688	0.33	0.33	0.10643482208251953	0.295	0.295	0.0009758472442626953	0.33	0.33	0.035607337951660156	0.3	0.3	0.0025844573974609375	0.075	0.075	0.010661125183105469	0.23	0.23	0.0069081783294677734	0.195	0.195	1.5641553401947021	0.315	0.315	6.2580413818359375	0.265	0.265	7.953797340393066	0.21	0.21	10.614655256271362	0.21	0.21	8.868958473205566	0.275	0.275	2.8658254146575928	-0.5	32
0.235	0.235	0.0012314319610595703	0.24	0.24	0.04305911064147949	0.255	0.255	0.01680469512939453	0.29	0.29	0.10419225692749023	0.24	0.24	0.0009350776672363281	0.235	0.235	0.03361940383911133	0.19	0.19	0.0026581287384033203	0.25	0.25	0.010816574096679688	0.25	0.25	0.0066165924072265625	0.245	0.245	1.5864636898040771	0.25	0.25	7.7293877601623535	0.255	0.255	7.766202688217163	0.09	0.09	10.973448991775513	0.25	0.25	13.054620027542114	0.235	0.235	2.8576419353485107	-0.5	33
0.29	0.29	0.0012555122375488281	0.29	0.29	0.03274226188659668	0.27	0.27	0.013870000839233398	0.42	0.42	0.10364699363708496	0.27	0.27	0.0009584426879882812	0.29	0.29	0.033623456954956055	0.355	0.355	0.0024645328521728516	0.285	0.285	0.011111974716186523	0.285	0.285	0.005814075469970703	0.275	0.275	1.6087040901184082	0.285	0.285	4.596843719482422	0.295	0.295	4.5223610401153564	0.105	0.105	6.000669479370117	0.15	0.15	8.167208671569824	0.285	0.285	2.7731690406799316	-0.5	34
0.39	0.39	0.001230001449584961	0.375	0.375	0.032557010650634766	0.435	0.435	0.010092020034790039	0.41	0.41	0.10161495208740234	0.345	0.345	0.0009708404541015625	0.41	0.41	0.03322792053222656	0.36	0.36	0.002529621124267578	0.145	0.145	0.010637998580932617	0.265	0.265	0.006612539291381836	0.265	0.265	1.5719425678253174	0.305	0.305	4.476465225219727	0.36	0.36	4.416511535644531	0.265	0.265	10.889582633972168	0.265	0.265	14.904158353805542	0.27	0.27	2.915085792541504	-0.5	35
0.32	0.32	0.0012214183807373047	0.33	0.33	0.03758692741394043	0.27	0.27	0.018830299377441406	0.285	0.285	0.10328936576843262	0.275	0.275	0.0009696483612060547	0.345	0.345	0.03502941131591797	0.33	0.33	0.0026009082794189453	0.19	0.19	0.011046409606933594	0.21	0.21	0.006509542465209961	0.2	0.2	1.5361707210540771	0.285	0.285	4.389997959136963	0.3	0.3	4.319852113723755	0.045	0.045	5.982963562011719	0.225	0.225	8.240999698638916	0.29	0.29	2.7635061740875244	-0.5	36
0.25	0.25	0.0012638568878173828	0.26	0.26	0.03274035453796387	0.25	0.25	0.013173580169677734	0.23	0.23	0.10297083854675293	0.265	0.265	0.0009610652923583984	0.295	0.295	0.03359198570251465	0.17	0.17	0.002773284912109375	0.165	0.165	0.010915279388427734	0.205	0.205	0.006910562515258789	0.185	0.185	1.5637438297271729	0.275	0.275	4.608438968658447	0.245	0.245	4.462505340576172	0.05	0.05	6.015897274017334	0.205	0.205	8.183634757995605	0.185	0.185	1.6099531650543213	-0.5	37
0.335	0.335	0.001220703125	0.385	0.385	0.033650875091552734	0.34	0.34	0.00958108901977539	0.355	0.355	0.10424613952636719	0.34	0.34	0.0009627342224121094	0.375	0.375	0.033849239349365234	0.355	0.355	0.0025212764739990234	0.305	0.305	0.01105356216430664	0.305	0.305	0.005729198455810547	0.305	0.305	1.6078777313232422	0.315	0.315	4.2750818729400635	0.345	0.345	4.286560297012329	0.085	0.085	6.044050931930542	0.305	0.305	8.185190439224243	0.27	0.27	2.804655075073242	-0.5	38
0.345	0.345	0.0012624263763427734	0.35	0.35	0.03277277946472168	0.355	0.355	0.009716272354125977	0.345	0.345	0.1025245189666748	0.34	0.34	0.0009744167327880859	0.355	0.355	0.03322339057922363	0.265	0.265	0.002516508102416992	0.305	0.305	0.010553121566772461	0.305	0.305	0.0063762664794921875	0.265	0.265	1.5434143543243408	0.295	0.295	4.601792573928833	0.195	0.195	4.394047260284424	0.055	0.055	6.287604331970215	0.1	0.1	8.572797298431396	0.225	0.225	2.860799789428711	-0.5	39
0.235	0.235	0.0012440681457519531	0.28	0.28	0.03370022773742676	0.285	0.285	0.013218879699707031	0.245	0.245	0.10212159156799316	0.23	0.23	0.0009486675262451172	0.25	0.25	0.034535884857177734	0.205	0.205	0.002649545669555664	0.15	0.15	0.01052236557006836	0.215	0.215	0.006204843521118164	0.2	0.2	1.6189508438110352	0.215	0.215	7.556330680847168	0.24	0.24	7.784632444381714	0.055	0.055	10.851284503936768	0.215	0.215	10.447539329528809	0.23	0.23	2.5969369411468506	-0.25	40
0.29	0.29	0.0012514591217041016	0.235	0.235	0.043978214263916016	0.285	0.285	0.01005697250366211	0.285	0.285	0.10409164428710938	0.275	0.275	0.000978231430053711	0.27	0.27	0.03353428840637207	0.305	0.305	0.0025696754455566406	0.155	0.155	0.010657548904418945	0.235	0.235	0.005960702896118164	0.185	0.185	1.6197166442871094	0.28	0.28	4.464712619781494	0.245	0.245	4.414807319641113	0.145	0.145	10.327100038528442	0.135	0.135	12.011138916015625	0.27	0.27	2.81040096282959	-0.25	41
0.25	0.25	0.0012230873107910156	0.275	0.275	0.03453826904296875	0.195	0.195	0.017520666122436523	0.28	0.28	0.10513162612915039	0.25	0.25	0.0009641647338867188	0.285	0.285	0.03137612342834473	0.235	0.235	0.0025644302368164062	0.155	0.155	0.011104822158813477	0.22	0.22	0.006556987762451172	0.14	0.14	1.58048415184021	0.19	0.19	4.3844335079193115	0.265	0.265	4.393023729324341	0.06	0.06	6.1576080322265625	0.22	0.22	8.356380224227905	0.22	0.22	2.809797763824463	-0.25	42
0.295	0.295	0.0013747215270996094	0.28	0.28	0.03558182716369629	0.295	0.295	0.013449668884277344	0.315	0.315	0.10546445846557617	0.285	0.285	0.0009572505950927734	0.29	0.29	0.03320622444152832	0.34	0.34	0.0024857521057128906	0.19	0.19	0.010577201843261719	0.2	0.2	0.0077991485595703125	0.19	0.19	1.5918073654174805	0.33	0.33	4.5114829540252686	0.295	0.295	4.531481027603149	0.17	0.17	6.19684624671936	0.19	0.19	8.576248168945312	0.265	0.265	2.919677257537842	-0.25	43
0.235	0.235	0.0012183189392089844	0.275	0.275	0.043428659439086914	0.28	0.28	0.017087697982788086	0.3	0.3	0.10330891609191895	0.27	0.27	0.0009407997131347656	0.29	0.29	0.03151130676269531	0.255	0.255	0.002740144729614258	0.15	0.15	0.010767459869384766	0.265	0.265	0.0060770511627197266	0.265	0.265	1.6340727806091309	0.27	0.27	4.383014440536499	0.245	0.245	4.425920248031616	0.265	0.265	6.310527086257935	0.205	0.205	8.767281532287598	0.245	0.245	2.7250730991363525	-0.25	44
0.24	0.24	0.0012497901916503906	0.28	0.28	0.03296160697937012	0.31	0.31	0.015453815460205078	0.265	0.265	0.10526585578918457	0.235	0.235	0.0009665489196777344	0.255	0.255	0.033255577087402344	0.275	0.275	0.002521991729736328	0.16	0.16	0.01068735122680664	0.165	0.165	0.006510734558105469	0.16	0.16	1.4837539196014404	0.21	0.21	4.4845545291900635	0.24	0.24	4.536286115646362	0.16	0.16	5.919387102127075	0.16	0.16	7.967503309249878	0.195	0.195	2.7620558738708496	-0.25	45
0.32	0.32	0.0012183189392089844	0.345	0.345	0.034165382385253906	0.32	0.32	0.012656450271606445	0.355	0.355	0.10107254981994629	0.315	0.315	0.00090789794921875	0.345	0.345	0.03446626663208008	0.275	0.275	0.0024611949920654297	0.145	0.145	0.01048135757446289	0.33	0.33	0.006287574768066406	0.285	0.285	1.5432333946228027	0.35	0.35	4.301935195922852	0.335	0.335	4.647944211959839	0.33	0.33	10.75267243385315	0.085	0.085	14.170799493789673	0.325	0.325	2.8237438201904297	-0.25	46
0.39	0.39	0.0012197494506835938	0.415	0.415	0.033715248107910156	0.455	0.455	0.009510040283203125	0.435	0.435	0.10208892822265625	0.41	0.41	0.0009398460388183594	0.455	0.455	0.03264808654785156	0.41	0.41	0.0025908946990966797	0.07	0.07	0.010833740234375	0.255	0.255	0.0065538883209228516	0.215	0.215	1.573566198348999	0.345	0.345	4.446342706680298	0.415	0.415	4.327753305435181	0.18	0.18	5.834529399871826	0.06	0.06	7.962734937667847	0.335	0.335	2.7609071731567383	-0.25	47
0.255	0.255	0.001195669174194336	0.29	0.29	0.03466939926147461	0.315	0.315	0.01580357551574707	0.33	0.33	0.1007530689239502	0.335	0.335	0.0009217262268066406	0.305	0.305	0.03305554389953613	0.325	0.325	0.002424478530883789	0.15	0.15	0.010421037673950195	0.235	0.235	0.006471157073974609	0.2	0.2	1.5108320713043213	0.265	0.265	4.182597875595093	0.29	0.29	4.13791823387146	0.235	0.235	5.8098084926605225	0.235	0.235	7.897185325622559	0.285	0.285	2.7592618465423584	-0.25	48
0.245	0.245	0.001199960708618164	0.295	0.295	0.03322935104370117	0.255	0.255	0.012868404388427734	0.265	0.265	0.09418320655822754	0.225	0.225	0.0009090900421142578	0.26	0.26	0.035160064697265625	0.27	0.27	0.0024247169494628906	0.115	0.115	0.010442972183227539	0.24	0.24	0.006206989288330078	0.22	0.22	1.450070858001709	0.22	0.22	4.201304912567139	0.245	0.245	4.186225175857544	0.06	0.06	5.809156656265259	0.24	0.24	7.886806964874268	0.22	0.22	2.7613883018493652	-0.25	49
0.255	0.255	0.0009539127349853516	0.3	0.3	0.03278946876525879	0.285	0.285	0.008760452270507812	0.3	0.3	0.09608173370361328	0.255	0.255	0.0009033679962158203	0.3	0.3	0.034590959548950195	0.23	0.23	0.0021810531616210938	0.185	0.185	0.010230541229248047	0.215	0.215	0.00813603401184082	0.14	0.14	1.4812769889831543	0.215	0.215	4.397968530654907	0.215	0.215	4.51851224899292	0.215	0.215	6.427413702011108	0.035	0.035	6.4981067180633545	0.265	0.265	1.5440709590911865	0.0	50
0.245	0.245	0.0010733604431152344	0.285	0.285	0.03493547439575195	0.23	0.23	0.00959157943725586	0.29	0.29	0.09976410865783691	0.245	0.245	0.0009319782257080078	0.285	0.285	0.03315877914428711	0.245	0.245	0.0022630691528320312	0.16	0.16	0.014294862747192383	0.17	0.17	0.00845646858215332	0.14	0.14	1.494508981704712	0.26	0.26	8.195829391479492	0.25	0.25	8.391385793685913	0.15	0.15	11.893270254135132	0.185	0.185	11.5000741481781	0.175	0.175	1.9525279998779297	0.0	51
0.26	0.26	0.0009984970092773438	0.265	0.265	0.03255152702331543	0.245	0.245	0.008833885192871094	0.23	0.23	0.09526443481445312	0.26	0.26	0.0009281635284423828	0.265	0.265	0.033480167388916016	0.24	0.24	0.0024302005767822266	0.195	0.195	0.010318756103515625	0.125	0.125	0.008537054061889648	0.115	0.115	1.4996726512908936	0.2	0.2	8.191882371902466	0.18	0.18	8.22546935081482	0.225	0.225	11.25783085823059	0.225	0.225	11.240718603134155	0.205	0.205	2.0782599449157715	0.0	52
0.305	0.305	0.0009870529174804688	0.315	0.315	0.03377032279968262	0.305	0.305	0.0125885009765625	0.32	0.32	0.09617257118225098	0.305	0.305	0.0009508132934570312	0.315	0.315	0.034332990646362305	0.23	0.23	0.002264738082885742	0.21	0.21	0.010428428649902344	0.05	0.05	0.0076580047607421875	0.06	0.06	1.4966480731964111	0.295	0.295	4.667919397354126	0.275	0.275	4.440842866897583	0.115	0.115	6.33036732673645	0.255	0.255	6.543368816375732	0.23	0.23	1.4663105010986328	0.0	53
0.235	0.235	0.0010371208190917969	0.335	0.335	0.033600807189941406	0.27	0.27	0.009443044662475586	0.335	0.335	0.09865880012512207	0.235	0.235	0.0009646415710449219	0.335	0.335	0.0336909294128418	0.29	0.29	0.0025420188903808594	0.17	0.17	0.010596036911010742	0.185	0.185	0.00831151008605957	0.095	0.095	1.6139311790466309	0.265	0.265	4.549564361572266	0.235	0.235	4.50616979598999	0.145	0.145	6.70755934715271	0.12	0.12	6.461854457855225	0.255	0.255	1.5702755451202393	0.0	54
0.34	0.34	0.0010478496551513672	0.315	0.315	0.03484320640563965	0.29	0.29	0.00941920280456543	0.35	0.35	0.09639668464660645	0.34	0.34	0.0009868144989013672	0.315	0.315	0.031758785247802734	0.295	0.295	0.0023488998413085938	0.205	0.205	0.01098775863647461	0.135	0.135	0.008403539657592773	0.08	0.08	1.5553739070892334	0.315	0.315	4.644174814224243	0.33	0.33	8.293195724487305	0.16	0.16	8.12802791595459	0.16	0.16	6.577244281768799	0.265	0.265	1.525629997253418	0.0	55
0.255	0.255	0.001138448715209961	0.315	0.315	0.03421139717102051	0.275	0.275	0.009056806564331055	0.355	0.355	0.09790945053100586	0.255	0.255	0.0010883808135986328	0.315	0.315	0.03520917892456055	0.335	0.335	0.002841472625732422	0.185	0.185	0.010848760604858398	0.1	0.1	0.008089065551757812	0.075	0.075	1.5146548748016357	0.335	0.335	4.585885763168335	0.055	0.055	4.664320945739746	0.095	0.095	6.488600730895996	0.095	0.095	6.441155672073364	0.245	0.245	1.8384687900543213	0.0	56
0.3	0.3	0.0009801387786865234	0.325	0.325	0.0327911376953125	0.32	0.32	0.010366439819335938	0.34	0.34	0.09558439254760742	0.3	0.3	0.0009438991546630859	0.325	0.325	0.03576803207397461	0.265	0.265	0.002187013626098633	0.145	0.145	0.010356426239013672	0.245	0.245	0.00921177864074707	0.14	0.14	1.485706090927124	0.245	0.245	4.607653379440308	0.195	0.195	4.626995325088501	0.025	0.025	6.469917297363281	0.245	0.245	6.496596813201904	0.25	0.25	1.5015983581542969	0.0	57
0.355	0.355	0.0010340213775634766	0.335	0.335	0.03364253044128418	0.37	0.37	0.009085416793823242	0.34	0.34	0.10148072242736816	0.355	0.355	0.0009326934814453125	0.335	0.335	0.03282022476196289	0.29	0.29	0.002457141876220703	0.185	0.185	0.010835409164428711	0.14	0.14	0.007463216781616211	0.125	0.125	1.5337424278259277	0.29	0.29	4.601930379867554	0.29	0.29	4.605090141296387	0.29	0.29	6.561311721801758	0.125	0.125	6.343900442123413	0.31	0.31	1.604841709136963	0.0	58
0.355	0.355	0.0009951591491699219	0.395	0.395	0.03561687469482422	0.37	0.37	0.012347698211669922	0.4	0.4	0.09584665298461914	0.355	0.355	0.0009455680847167969	0.395	0.395	0.03402447700500488	0.325	0.325	0.0022678375244140625	0.25	0.25	0.016285419464111328	0.255	0.255	0.00796198844909668	0.145	0.145	1.5460503101348877	0.35	0.35	4.652662038803101	0.32	0.32	4.527050256729126	0.12	0.12	6.402662992477417	0.255	0.255	6.379090309143066	0.385	0.385	1.5342025756835938	0.0	59
0.28	0.28	0.0012123584747314453	0.315	0.315	0.032621145248413086	0.255	0.255	0.008642435073852539	0.29	0.29	0.09646296501159668	0.215	0.215	0.0009751319885253906	0.315	0.315	0.032732248306274414	0.205	0.205	0.002335071563720703	0.135	0.135	0.010508060455322266	0.3	0.3	0.006576061248779297				0.325	0.325	4.588315010070801	0.285	0.285	7.994198799133301	0.065	0.065	8.325012922286987	0.065	0.065	9.80295205116272	0.295	0.295	2.769881248474121	0.25	60
0.335	0.335	0.001233816146850586	0.365	0.365	0.03332185745239258	0.295	0.295	0.009423255920410156	0.345	0.345	0.09449052810668945	0.34	0.34	0.0009610652923583984	0.375	0.375	0.03464651107788086	0.3	0.3	0.002414226531982422	0.31	0.31	0.011055707931518555	0.315	0.315	0.006284952163696289				0.365	0.365	4.497077226638794	0.35	0.35	5.622542142868042	0.05	0.05	10.827105522155762	0.1	0.1	14.730793714523315	0.355	0.355	2.7600200176239014	0.25	61
0.265	0.265	0.0012197494506835938	0.27	0.27	0.034378767013549805	0.305	0.305	0.014655351638793945	0.315	0.315	0.09388208389282227	0.22	0.22	0.0009510517120361328	0.27	0.27	0.032567739486694336	0.24	0.24	0.002603292465209961	0.27	0.27	0.010657072067260742	0.235	0.235	0.006653308868408203				0.295	0.295	4.529353857040405	0.235	0.235	4.592252492904663	0.235	0.235	6.2394726276397705	0.045	0.045	9.884509086608887	0.26	0.26	2.774296998977661	0.25	62
0.235	0.235	0.0012400150299072266	0.265	0.265	0.03345012664794922	0.2	0.2	0.009034156799316406	0.26	0.26	0.0935676097869873	0.215	0.215	0.0009405612945556641	0.275	0.275	0.03148627281188965	0.22	0.22	0.0023488998413085938	0.18	0.18	0.010391473770141602	0.21	0.21	0.0067327022552490234				0.21	0.21	4.533353090286255	0.235	0.235	4.471583366394043	0.06	0.06	6.129153490066528	0.11	0.11	9.900791883468628	0.185	0.185	2.8936944007873535	0.25	63
0.325	0.325	0.0012173652648925781	0.325	0.325	0.03466296195983887	0.315	0.315	0.01460409164428711	0.325	0.325	0.09569191932678223	0.26	0.26	0.0009670257568359375	0.315	0.315	0.033318519592285156	0.28	0.28	0.002314329147338867	0.27	0.27	0.010921239852905273	0.275	0.275	0.006490230560302734				0.345	0.345	4.686608552932739	0.295	0.295	4.582801342010498	0.155	0.155	6.203101634979248	0.105	0.105	9.87671184539795	0.305	0.305	2.078809976577759	0.25	64
0.28	0.28	0.0012617111206054688	0.3	0.3	0.03304409980773926	0.28	0.28	0.009138822555541992	0.305	0.305	0.09540176391601562	0.275	0.275	0.0009481906890869141	0.325	0.325	0.03395366668701172	0.26	0.26	0.002395153045654297	0.175	0.175	0.010545969009399414	0.205	0.205	0.006821632385253906				0.36	0.36	4.371741771697998	0.33	0.33	4.267009496688843	0.165	0.165	6.280903339385986	0.17	0.17	9.89296841621399	0.22	0.22	1.6039834022521973	0.25	65
0.27	0.27	0.0012500286102294922	0.325	0.325	0.03485894203186035	0.27	0.27	0.008738040924072266	0.295	0.295	0.09570002555847168	0.295	0.295	0.0009589195251464844	0.295	0.295	0.0341184139251709	0.26	0.26	0.0022704601287841797	0.155	0.155	0.010390043258666992	0.23	0.23	0.00644683837890625				0.28	0.28	4.640487909317017	0.21	0.21	4.335072994232178	0.12	0.12	6.306021451950073	0.115	0.115	9.902048587799072	0.185	0.185	2.770634889602661	0.25	66
0.33	0.33	0.0012066364288330078	0.35	0.35	0.033948659896850586	0.35	0.35	0.00900721549987793	0.345	0.345	0.09448003768920898	0.34	0.34	0.0009741783142089844	0.36	0.36	0.035776376724243164	0.28	0.28	0.002872943878173828	0.325	0.325	0.011066436767578125	0.295	0.295	0.006402254104614258				0.355	0.355	4.394393444061279	0.335	0.335	4.390332221984863	0.085	0.085	6.2855424880981445	0.085	0.085	10.790117740631104	0.36	0.36	2.0197298526763916	0.25	67
0.23	0.23	0.0014111995697021484	0.22	0.22	0.04765057563781738	0.18	0.18	0.009626626968383789	0.2	0.2	0.10227251052856445	0.24	0.24	0.00107574462890625	0.205	0.205	0.0483701229095459	0.21	0.21	0.002549886703491211	0.17	0.17	0.011744976043701172	0.19	0.19	0.007877111434936523				0.21	0.21	5.039120435714722	0.18	0.18	5.287307977676392	0.18	0.18	6.7545166015625	0.155	0.155	10.723756551742554	0.2	0.2	1.8574118614196777	0.25	68
0.175	0.175	0.0013103485107421875	0.25	0.25	0.036072731018066406	0.26	0.26	0.012546300888061523	0.23	0.23	0.09909319877624512	0.255	0.255	0.0009799003601074219	0.27	0.27	0.04938101768493652	0.22	0.22	0.002793550491333008	0.17	0.17	0.011574745178222656	0.19	0.19	0.008576631546020508				0.265	0.265	5.1989686489105225	0.255	0.255	5.090453624725342	0.105	0.105	6.705187797546387	0.19	0.19	12.289443492889404	0.235	0.235	2.8097031116485596	0.25	69
0.225	0.225	0.0020346641540527344	0.29	0.29	0.06756925582885742	0.22	0.22	0.016304492950439453	0.255	0.255	0.1180412769317627	0.175	0.175	0.0013473033905029297	0.24	0.24	0.06032729148864746	0.255	0.255	0.003984928131103516	0.155	0.155	0.012267112731933594	0.14	0.14	0.009890079498291016				0.18	0.18	5.120747804641724	0.2	0.2	5.274422645568848	0.155	0.155	8.934306621551514	0.155	0.155	11.689462423324585	0.175	0.175	2.7414023876190186	0.5	70
0.25	0.25	0.0012199878692626953	0.265	0.265	0.03284811973571777	0.24	0.24	0.01206350326538086	0.305	0.305	0.093292236328125	0.22	0.22	0.0009453296661376953	0.225	0.225	0.036136627197265625	0.275	0.275	0.002958059310913086	0.18	0.18	0.010437250137329102	0.205	0.205	0.006127119064331055				0.25	0.25	6.100426435470581	0.205	0.205	6.293351173400879	0.09	0.09	6.738436698913574	0.205	0.205	13.500069379806519	0.225	0.225	2.2780091762542725	0.5	71
0.265	0.265	0.001245260238647461	0.25	0.25	0.03340554237365723	0.265	0.265	0.012088298797607422	0.245	0.245	0.09400320053100586	0.255	0.255	0.000957489013671875	0.27	0.27	0.03224945068359375	0.255	0.255	0.002736330032348633	0.165	0.165	0.01080322265625	0.26	0.26	0.0068378448486328125				0.26	0.26	4.418430805206299	0.27	0.27	4.297549724578857	0.115	0.115	6.119713306427002	0.115	0.115	9.853721141815186	0.195	0.195	2.8231587409973145	0.5	72
0.305	0.305	0.0012462139129638672	0.335	0.335	0.035073280334472656	0.3	0.3	0.008965253829956055	0.295	0.295	0.09506726264953613	0.265	0.265	0.0009183883666992188	0.295	0.295	0.032627105712890625	0.32	0.32	0.002388477325439453	0.215	0.215	0.010505437850952148	0.16	0.16	0.006470680236816406				0.29	0.29	7.776246786117554	0.285	0.285	7.938504219055176	0.215	0.215	10.590681552886963	0.095	0.095	12.213454484939575	0.295	0.295	2.8729403018951416	0.5	73
0.29	0.29	0.0013267993927001953	0.305	0.305	0.034684181213378906	0.285	0.285	0.012166738510131836	0.305	0.305	0.09464454650878906	0.305	0.305	0.0009551048278808594	0.31	0.31	0.033323049545288086	0.25	0.25	0.0023703575134277344	0.28	0.28	0.010953187942504883	0.265	0.265	0.006057262420654297				0.295	0.295	5.9575417041778564	0.3	0.3	6.7195961475372314	0.265	0.265	10.524647235870361	0.185	0.185	9.940884828567505	0.275	0.275	2.7819864749908447	0.5	74
0.35	0.35	0.0012428760528564453	0.335	0.335	0.03113245964050293	0.31	0.31	0.009071826934814453	0.325	0.325	0.0946512222290039	0.295	0.295	0.000957489013671875	0.355	0.355	0.031051158905029297	0.27	0.27	0.0023109912872314453	0.165	0.165	0.010805845260620117	0.31	0.31	0.006449699401855469				0.34	0.34	5.75529408454895	0.31	0.31	4.4079484939575195	0.08	0.08	6.228440761566162	0.31	0.31	9.95841932296753	0.29	0.29	2.8215184211730957	0.5	75
0.235	0.235	0.0012247562408447266	0.205	0.205	0.034943580627441406	0.195	0.195	0.016824960708618164	0.27	0.27	0.09629416465759277	0.155	0.155	0.0009732246398925781	0.245	0.245	0.03371238708496094	0.285	0.285	0.0026023387908935547	0.19	0.19	0.010502338409423828	0.175	0.175	0.006968021392822266				0.23	0.23	8.453323602676392	0.205	0.205	8.094201564788818	0.16	0.16	10.091270208358765	0.16	0.16	15.468420267105103	0.16	0.16	2.63694429397583	0.5	76
0.35	0.35	0.0012249946594238281	0.34	0.34	0.03464150428771973	0.29	0.29	0.022558212280273438	0.34	0.34	0.25885868072509766	0.33	0.33	0.0009641647338867188	0.325	0.325	0.03309512138366699	0.295	0.295	0.0028536319732666016	0.145	0.145	0.037436723709106445	0.175	0.175	0.006728410720825195				0.325	0.325	6.143702983856201	0.345	0.345	8.81224250793457	0.175	0.175	11.61523175239563	0.125	0.125	14.778939247131348	0.32	0.32	2.522861957550049	0.5	77
0.215	0.215	0.0012650489807128906	0.22	0.22	0.03287792205810547	0.245	0.245	0.02146124839782715	0.22	0.22	0.25154805183410645	0.18	0.18	0.0009462833404541016	0.2	0.2	0.03383040428161621	0.25	0.25	0.0029909610748291016	0.225	0.225	0.03729248046875	0.16	0.16	0.007105112075805664				0.185	0.185	8.136563777923584	0.185	0.185	8.00524640083313	0.125	0.125	13.48078966140747	0.15	0.15	16.528661012649536	0.2	0.2	2.618396520614624	0.5	78
0.27	0.27	0.0013012886047363281	0.275	0.275	0.034440040588378906	0.215	0.215	0.021651506423950195	0.295	0.295	0.2519495487213135	0.26	0.26	0.0009489059448242188	0.25	0.25	0.03373122215270996	0.29	0.29	0.002875089645385742	0.225	0.225	0.03761696815490723	0.22	0.22	0.00799250602722168				0.25	0.25	5.234664440155029	0.235	0.235	7.2239978313446045	0.14	0.14	11.001680612564087	0.255	0.255	15.98748254776001	0.22	0.22	2.582794189453125	0.5	79
0.215	0.215	0.0012357234954833984	0.3	0.3	0.03516960144042969	0.235	0.235	0.02186894416809082	0.255	0.255	0.27469968795776367	0.215	0.215	0.0009756088256835938	0.28	0.28	0.03341984748840332	0.28	0.28	0.0027923583984375	0.19	0.19	0.037085771560668945	0.125	0.125	0.0072765350341796875	0.125	0.125	325.2805063724518	0.255	0.255	8.50175404548645	0.235	0.235	8.087602138519287	0.15	0.15	9.807076930999756	0.13	0.13	14.845279455184937	0.255	0.255	2.5308568477630615	1.0	80
0.155	0.155	0.0013434886932373047	0.28	0.28	0.03255200386047363	0.2	0.2	0.024199485778808594	0.3	0.3	0.2684814929962158	0.27	0.27	0.0009624958038330078	0.26	0.26	0.032154083251953125	0.235	0.235	0.0029897689819335938	0.205	0.205	0.037236690521240234	0.175	0.175	0.007887125015258789	0.175	0.175	329.2251007556915	0.18	0.18	7.3382158279418945	0.255	0.255	8.57853102684021	0.115	0.115	9.151808023452759	0.175	0.175	16.167067050933838	0.18	0.18	2.547245502471924	1.0	81
0.25	0.25	0.0013568401336669922	0.28	0.28	0.03336501121520996	0.25	0.25	0.02273726463317871	0.245	0.245	0.26758289337158203	0.21	0.21	0.0009596347808837891	0.235	0.235	0.03323721885681152	0.255	0.255	0.003142118453979492	0.175	0.175	0.03898787498474121	0.2	0.2	0.006657600402832031	0.2	0.2	322.3529772758484	0.2	0.2	8.411080837249756	0.255	0.255	8.314917087554932	0.17	0.17	9.934601545333862	0.17	0.17	15.326757907867432	0.195	0.195	2.3742623329162598	1.0	82
0.22	0.22	0.0012485980987548828	0.27	0.27	0.03339791297912598	0.275	0.275	0.022272825241088867	0.295	0.295	0.2594742774963379	0.235	0.235	0.0009326934814453125	0.28	0.28	0.03325200080871582	0.325	0.325	0.003016948699951172	0.225	0.225	0.03928256034851074	0.185	0.185	0.006120204925537109	0.185	0.185	999.625640630722	0.21	0.21	7.730213165283203	0.22	0.22	6.623584270477295	0.19	0.19	10.968465805053711	0.12	0.12	15.779814958572388	0.055	0.055	2.3692779541015625	1.0	83
0.33	0.33	0.001527547836303711	0.27	0.27	0.12599468231201172	0.345	0.345	0.01065206527709961	0.345	0.345	0.15618562698364258	0.305	0.305	0.00118255615234375	0.205	0.205	0.05155467987060547	0.375	0.375	0.0028929710388183594	0.19	0.19	0.012888193130493164	0.14	0.14	0.007946968078613281	0.18	0.18	1838.2999014854431	0.265	0.265	9.851805210113525	0.205	0.205	10.271046161651611	0.17	0.17	13.277894496917725	0.18	0.18	18.292580366134644	0.305	0.305	2.796612501144409	1.0	84
0.2	0.2	0.0015342235565185547	0.305	0.305	0.22891712188720703	0.295	0.295	0.01844644546508789	0.315	0.315	0.12588214874267578	0.235	0.235	0.0011653900146484375	0.3	0.3	0.33392930030822754	0.335	0.335	0.0046710968017578125	0.185	0.185	0.011934280395507812	0.16	0.16	0.009851694107055664	0.15	0.15	2206.1939702033997	0.29	0.29	7.2833921909332275	0.24	0.24	6.435964107513428	0.16	0.16	7.195067644119263	0.16	0.16	11.97539472579956	0.265	0.265	2.0598504543304443	1.0	85
0.3	0.3	0.0014753341674804688	0.305	0.305	0.058240413665771484	0.33	0.33	0.020971059799194336	0.33	0.33	0.11723971366882324	0.27	0.27	0.0011680126190185547	0.275	0.275	0.07014703750610352	0.305	0.305	0.006675243377685547	0.18	0.18	0.01704859733581543	0.185	0.185	0.008854866027832031	0.185	0.185	1846.5695250034332	0.28	0.28	6.735289573669434	0.25	0.25	5.386521577835083	0.085	0.085	7.961010456085205	0.085	0.085	13.64125943183899	0.16	0.16	2.8362951278686523	1.0	86
0.28	0.28	0.0012502670288085938	0.31	0.31	0.03395724296569824	0.31	0.31	0.009152650833129883	0.275	0.275	0.09795284271240234	0.27	0.27	0.0009474754333496094	0.275	0.275	0.03520774841308594	0.26	0.26	0.002507925033569336	0.185	0.185	0.011118173599243164	0.275	0.275	0.0063936710357666016	0.275	0.275	1406.1895198822021	0.26	0.26	5.50760555267334	0.245	0.245	5.918025493621826	0.14	0.14	7.670076847076416	0.14	0.14	12.946346282958984	0.23	0.23	3.2146425247192383	1.0	87
0.26	0.26	0.0015397071838378906	0.255	0.255	2.210676908493042	0.285	0.285	0.013867616653442383	0.235	0.235	0.22664785385131836	0.225	0.225	0.0011479854583740234	0.25	0.25	1.2649133205413818	0.245	0.245	0.0026552677154541016	0.18	0.18	0.012322187423706055	0.18	0.18	0.010655403137207031	0.18	0.18	1858.8200433254242	0.185	0.185	7.723256826400757	0.175	0.175	6.849741220474243	0.115	0.115	9.845128536224365	0.16	0.16	18.17264223098755	0.16	0.16	4.018769025802612	1.0	88
0.225	0.225	0.0015034675598144531	0.31	0.31	0.07578802108764648	0.32	0.32	0.017932653427124023	0.32	0.32	0.23010468482971191	0.265	0.265	0.0011954307556152344	0.3	0.3	0.06906795501708984	0.31	0.31	0.005635976791381836	0.185	0.185	0.026849746704101562	0.155	0.155	0.03046560287475586	0.155	0.155	1847.4352102279663	0.25	0.25	8.84667158126831	0.255	0.255	8.915449142456055	0.2	0.2	10.25368356704712	0.1	0.1	18.247729539871216	0.235	0.235	2.4662768840789795	1.0	89
0.21	0.21	0.0014925003051757812	0.21	0.21	0.0529024600982666	0.225	0.225	0.016852855682373047	0.275	0.275	0.12185072898864746	0.165	0.165	0.0011630058288574219	0.2	0.2	0.30399107933044434	0.255	0.255	0.002703428268432617	0.19	0.19	0.012596607208251953	0.145	0.145	0.009422540664672852				0.245	0.245	7.3750176429748535	0.145	0.145	6.590091228485107	0.16	0.16	12.32158899307251	0.12	0.12	22.003064393997192	0.12	0.12	2.87785267829895	2.0	90
0.27	0.27	0.001508474349975586	0.285	0.285	0.06111264228820801	0.24	0.24	0.024675369262695312	0.285	0.285	0.15105175971984863	0.245	0.245	0.001163482666015625	0.29	0.29	0.06124567985534668	0.27	0.27	0.006060361862182617	0.225	0.225	0.026819944381713867	0.22	0.22	0.021396636962890625				0.22	0.22	6.536181926727295	0.225	0.225	6.878772258758545	0.22	0.22	11.269100427627563	0.22	0.22	16.801131010055542	0.22	0.22	2.6734864711761475	2.0	91
0.335	0.335	0.0015289783477783203	0.32	0.32	0.10654258728027344	0.285	0.285	0.015591621398925781	0.3	0.3	0.11458086967468262	0.275	0.275	0.0011754035949707031	0.275	0.275	0.15527701377868652	0.28	0.28	0.0043048858642578125	0.235	0.235	0.027899980545043945	0.235	0.235	0.01632070541381836				0.29	0.29	10.359316110610962	0.265	0.265	7.579364776611328	0.09	0.09	9.841118335723877	0.095	0.095	21.58148169517517	0.095	0.095	6.989818096160889	2.0	92
0.255	0.255	0.0015270709991455078	0.265	0.265	1.0515260696411133	0.275	0.275	0.017484664916992188	0.28	0.28	0.22027993202209473	0.275	0.275	0.0011746883392333984	0.27	0.27	0.29653477668762207	0.26	0.26	0.0027632713317871094	0.275	0.275	0.023032188415527344	0.275	0.275	0.01839733123779297				0.275	0.275	6.182384014129639	0.275	0.275	6.232453107833862	0.275	0.275	14.724432229995728	0.085	0.085	17.77753782272339	0.085	0.085	2.4498000144958496	2.0	93
0.29	0.29	0.00153350830078125	0.35	0.35	0.1371147632598877	0.335	0.335	0.02049422264099121	0.345	0.345	0.32982563972473145	0.34	0.34	0.0010557174682617188	0.345	0.345	0.136749267578125	0.29	0.29	0.006926298141479492	0.32	0.32	0.021108627319335938	0.31	0.31	0.09309148788452148				0.31	0.31	5.650245428085327	0.345	0.345	6.259315252304077	0.175	0.175	8.976523160934448	0.02	0.02	15.394788026809692	0.02	0.02	2.6977341175079346	2.0	94
0.255	0.255	0.0055387020111083984	0.275	0.275	0.42757678031921387	0.285	0.285	0.04434466361999512	0.275	0.275	0.10946130752563477	0.2	0.2	0.0011584758758544922	0.18	0.18	0.1396498680114746	0.22	0.22	0.0027234554290771484	0.155	0.155	0.03275489807128906	0.2	0.2	0.028540372848510742				0.185	0.185	5.952142953872681	0.22	0.22	5.516419887542725	0.07	0.07	7.03890585899353	0.06	0.06	14.283974647521973	0.06	0.06	2.1003894805908203	2.0	95
0.165	0.165	0.001313924789428711	0.22	0.22	0.03546404838562012	0.165	0.165	0.00889897346496582	0.19	0.19	0.09444999694824219	0.175	0.175	0.0009627342224121094	0.185	0.185	0.03396415710449219	0.16	0.16	0.002449512481689453	0.15	0.15	0.010523796081542969	0.21	0.21	0.007192373275756836				0.21	0.21	5.9692816734313965	0.16	0.16	6.783550262451172	0.21	0.21	9.011317491531372	0.21	0.21	21.30493688583374	0.21	0.21	3.1806280612945557	2.0	96
0.27	0.27	0.001537322998046875	0.25	0.25	0.1616230010986328	0.265	0.265	0.015592336654663086	0.295	0.295	0.1472609043121338	0.28	0.28	0.0011625289916992188	0.29	0.29	0.170867919921875	0.225	0.225	0.006466865539550781	0.235	0.235	0.025319576263427734	0.23	0.23	0.018098831176757812				0.245	0.245	4.398879766464233	0.24	0.24	5.28568172454834	0.23	0.23	8.658408403396606	0.155	0.155	15.922307252883911	0.155	0.155	1.9806368350982666	2.0	97
0.22	0.22	0.0014903545379638672	0.235	0.235	0.05503344535827637	0.235	0.235	0.01148533821105957	0.27	0.27	0.1378793716430664	0.205	0.205	0.0011949539184570312	0.255	0.255	0.06706976890563965	0.27	0.27	0.007874250411987305	0.21	0.21	0.0263516902923584	0.185	0.185	0.02003955841064453				0.22	0.22	9.72211742401123	0.235	0.235	12.048450708389282	0.055	0.055	9.937129020690918	0.185	0.185	14.734899044036865	0.17	0.17	2.553114414215088	2.0	98
0.32	0.32	0.001257181167602539	0.305	0.305	0.03695392608642578	0.34	0.34	0.022195816040039062	0.38	0.38	0.24626874923706055	0.325	0.325	0.0009541511535644531	0.315	0.315	0.03382134437561035	0.28	0.28	0.0031147003173828125	0.17	0.17	0.035341739654541016	0.315	0.315	0.006712436676025391				0.35	0.35	8.588111400604248	0.315	0.315	8.226993799209595	0.17	0.17	11.943595886230469	0.315	0.315	15.733843564987183	0.035	0.035	2.478368043899536	2.0	99
0.23	0.23	0.001538991928100586	0.275	0.275	0.10705161094665527	0.265	0.265	0.016128063201904297	0.285	0.285	0.11812138557434082	0.235	0.235	0.0011734962463378906	0.245	0.245	0.0816349983215332	0.235	0.235	0.002638578414916992	0.15	0.15	0.03478837013244629	0.22	0.22	0.029830217361450195				0.265	0.265	7.041745185852051	0.24	0.24	7.843791246414185	0.07	0.07	7.837030410766602	0.085	0.085	12.356468200683594	0.085	0.085	2.477555751800537	4.0	100
0.25	0.25	0.001537322998046875	0.285	0.285	0.06740856170654297	0.19	0.19	0.010740041732788086	0.3	0.3	0.1166841983795166	0.19	0.19	0.001184225082397461	0.265	0.265	0.06601977348327637	0.275	0.275	0.0060155391693115234	0.175	0.175	0.022875070571899414	0.195	0.195	0.015568971633911133				0.255	0.255	6.661687135696411	0.23	0.23	7.135249137878418	0.065	0.065	9.17350459098816	0.115	0.115	18.90556287765503	0.115	0.115	3.676595687866211	4.0	101
0.275	0.275	0.0015523433685302734	0.25	0.25	0.1128847599029541	0.265	0.265	0.012281656265258789	0.28	0.28	0.11156606674194336	0.28	0.28	0.0011658668518066406	0.255	0.255	0.03913688659667969	0.24	0.24	0.002916574478149414	0.165	0.165	0.012309789657592773	0.255	0.255	0.009135007858276367				0.3	0.3	8.5864999294281	0.255	0.255	11.568520307540894	0.195	0.195	10.892740488052368	0.145	0.145	15.923075675964355	0.145	0.145	2.5825977325439453	4.0	102
0.25	0.25	0.0014643669128417969	0.265	0.265	0.09962320327758789	0.225	0.225	0.01318979263305664	0.295	0.295	0.14042401313781738	0.235	0.235	0.0011587142944335938	0.25	0.25	0.04968070983886719	0.2	0.2	0.002723217010498047	0.2	0.2	0.012165069580078125	0.175	0.175	0.12865662574768066				0.215	0.215	7.715726852416992	0.18	0.18	7.1193060874938965	0.175	0.175	9.086395978927612	0.08	0.08	13.16935682296753	0.08	0.08	2.9542903900146484	4.0	103
0.245	0.245	0.0015308856964111328	0.2	0.2	1.0261144638061523	0.23	0.23	0.05374789237976074	0.225	0.225	0.15671682357788086	0.26	0.26	0.0052030086517333984	0.27	0.27	0.8658149242401123	0.225	0.225	0.008275508880615234	0.15	0.15	0.011968135833740234	0.18	0.18	0.010144948959350586				0.195	0.195	6.52411675453186	0.18	0.18	7.131711721420288	0.095	0.095	9.494885921478271	0.14	0.14	15.61289930343628	0.14	0.14	2.1426422595977783	4.0	104
0.24	0.24	0.001552581787109375	0.28	0.28	0.03845477104187012	0.22	0.22	0.015467166900634766	0.295	0.295	0.28743410110473633	0.27	0.27	0.001199960708618164	0.27	0.27	0.0323948860168457	0.25	0.25	0.003969430923461914	0.165	0.165	0.02301621437072754	0.285	0.285	0.009765625				0.285	0.285	5.646860361099243	0.285	0.285	7.902953863143921	0.15	0.15	13.38315749168396	0.09	0.09	13.922364711761475	0.09	0.09	1.9331607818603516	4.0	105
0.335	0.335	0.0013842582702636719	0.34	0.34	0.12069463729858398	0.33	0.33	0.021271228790283203	0.365	0.365	0.18547797203063965	0.29	0.29	0.0011615753173828125	0.27	0.27	0.4028196334838867	0.295	0.295	0.022437095642089844	0.27	0.27	0.0857095718383789	0.285	0.285	0.008555889129638672				0.285	0.285	15.3775475025177	0.3	0.3	8.396054029464722	0.195	0.195	11.206727027893066	0.03	0.03	15.60519552230835	0.03	0.03	2.4594974517822266	4.0	106
0.26	0.26	0.0012819766998291016	0.22	0.22	0.0327448844909668	0.26	0.26	0.021463871002197266	0.24	0.24	0.24318838119506836	0.185	0.185	0.0009801387786865234	0.22	0.22	0.03285956382751465	0.26	0.26	0.0029213428497314453	0.125	0.125	0.036756038665771484	0.195	0.195	0.007127285003662109				0.195	0.195	6.633045673370361	0.18	0.18	6.8653624057769775	0.22	0.22	9.29408073425293	0.125	0.125	19.151485919952393	0.125	0.125	2.872803211212158	4.0	107
0.285	0.285	0.001482248306274414	0.18	0.18	0.14008164405822754	0.275	0.275	0.011705636978149414	0.245	0.245	0.2695045471191406	0.215	0.215	0.001190185546875	0.22	0.22	0.17388343811035156	0.225	0.225	0.002508878707885742	0.2	0.2	0.053131818771362305	0.13	0.13	0.009722232818603516				0.235	0.235	7.580799341201782	0.175	0.175	6.776116371154785	0.215	0.215	12.07193398475647	0.06	0.06	20.221776485443115	0.06	0.06	2.4093477725982666	4.0	108
0.24	0.24	0.0014925003051757812	0.22	0.22	0.11762237548828125	0.205	0.205	0.018230438232421875	0.225	0.225	0.10842370986938477	0.205	0.205	0.0011560916900634766	0.215	0.215	0.052568912506103516	0.245	0.245	0.00476527214050293	0.16	0.16	0.012605905532836914	0.185	0.185	0.008927106857299805				0.2	0.2	12.541718244552612	0.215	0.215	7.904355049133301	0.125	0.125	9.966401100158691	0.11	0.11	15.325226545333862	0.11	0.11	2.2393813133239746	4.0	109
