sklearn_dt_f1-micro,sklearn_dt_time,sklearn_rf_f1-micro,sklearn_rf_time,product_dt_f1-micro,product_dt_time,product_rf_f1-micro,product_rf_time,tangent_dt_f1-micro,tangent_dt_time,tangent_rf_f1-micro,tangent_rf_time,knn_f1-micro,knn_time,ps_perceptron_f1-micro,ps_perceptron_time,svm_f1-micro,svm_time,ps_svm_f1-micro,ps_svm_time,ambient_mlp_f1-micro,ambient_mlp_time,tangent_mlp_f1-micro,tangent_mlp_time,ambient_gnn_f1-micro,ambient_gnn_time,kappa_gcn_f1-micro,kappa_gcn_time,product_mlr_f1-micro,product_mlr_time,curvature,seed
0.385,0.0019288063049316406,0.37,0.03629112243652344,0.425,0.1011805534362793,0.43,0.4440338611602783,0.35,0.0012145042419433594,0.445,0.03497123718261719,0.415,0.2000119686126709,0.16,0.013915777206420898,0.165,0.027584552764892578,0.195,1.458099603652954,0.195,9.315690517425537,0.32,8.692952871322632,0.195,10.72033977508545,0.08,9.817260265350342,0.26,2.5387115478515625,-4.0,0
0.385,0.0017461776733398438,0.38,0.03385639190673828,0.465,0.03427910804748535,0.45,0.38825345039367676,0.42,0.001216888427734375,0.46,0.03466510772705078,0.42,0.10668087005615234,0.175,0.010525703430175781,0.175,0.020144224166870117,0.22,1.5605018138885498,0.255,7.684884309768677,0.365,7.7305073738098145,0.175,10.716074466705322,0.175,13.617401599884033,0.205,2.3170905113220215,-4.0,1
0.385,0.0016031265258789062,0.335,0.03003668785095215,0.39,0.041254520416259766,0.4,0.4299633502960205,0.285,0.0012013912200927734,0.35,0.03206324577331543,0.37,0.0026574134826660156,0.125,0.010974645614624023,0.225,0.03931164741516113,0.22,1.451629400253296,0.225,4.381431818008423,0.315,4.193508863449097,0.225,5.794671058654785,0.095,7.913358211517334,0.255,2.7576167583465576,-4.0,2
0.345,0.0015354156494140625,0.38,0.03295135498046875,0.46,0.032735347747802734,0.46,0.40776538848876953,0.375,0.001178741455078125,0.42,0.03384804725646973,0.4,0.0024454593658447266,0.145,0.010445833206176758,0.145,0.007744789123535156,0.235,1.4471323490142822,0.295,6.930947303771973,0.34,7.8789238929748535,0.305,10.841280698776245,0.3,14.593929767608643,0.34,2.818542957305908,-4.0,3
0.315,0.001569986343383789,0.355,0.03455996513366699,0.35,0.04344797134399414,0.38,0.38021254539489746,0.365,0.0011725425720214844,0.39,0.03369474411010742,0.37,0.0024747848510742188,0.24,0.010383844375610352,0.24,0.02389240264892578,0.24,1.4836323261260986,0.32,4.199213027954102,0.24,4.182939052581787,0.195,5.972633361816406,0.29,8.280341863632202,0.275,1.6459555625915527,-4.0,4
0.32,0.0015978813171386719,0.3,0.03355717658996582,0.4,0.03613758087158203,0.435,0.4067094326019287,0.325,0.0012564659118652344,0.39,0.0352175235748291,0.41,0.0025207996368408203,0.195,0.010525226593017578,0.195,0.013547897338867188,0.13,1.4516582489013672,0.13,4.324651718139648,0.25,4.519787311553955,0.1,6.472308158874512,0.1,8.568759679794312,0.195,2.260283946990967,-4.0,5
0.325,0.0016283988952636719,0.37,0.03447294235229492,0.355,0.03757023811340332,0.365,0.42469072341918945,0.38,0.0012383460998535156,0.38,0.03333091735839844,0.315,0.002525806427001953,0.165,0.01057577133178711,0.11,0.00719904899597168,0.245,1.5019266605377197,0.255,4.57122802734375,0.32,4.552766561508179,0.035,6.051642179489136,0.245,8.409731149673462,0.285,2.8280584812164307,-4.0,6
0.275,0.0016589164733886719,0.245,0.03409409523010254,0.365,0.035490989685058594,0.355,0.4294569492340088,0.33,0.001377105712890625,0.325,0.03340744972229004,0.35,0.0025472640991210938,0.11,0.010707616806030273,0.11,0.011045217514038086,0.21,1.5311930179595947,0.14,4.492626667022705,0.22,4.381131172180176,0.22,6.242265939712524,0.11,8.386002779006958,0.21,2.5863170623779297,-4.0,7
0.355,0.0015358924865722656,0.325,0.033417463302612305,0.375,0.04473543167114258,0.395,0.4177868366241455,0.415,0.0012178421020507812,0.395,0.03307676315307617,0.37,0.0025436878204345703,0.17,0.010689973831176758,0.17,0.021123886108398438,0.25,1.502744197845459,0.255,4.465800762176514,0.335,4.381837844848633,0.255,6.160211563110352,0.255,8.158564329147339,0.28,2.4474263191223145,-4.0,8
0.29,0.001592397689819336,0.28,0.033660173416137695,0.29,0.04425168037414551,0.285,0.38543128967285156,0.325,0.0011928081512451172,0.325,0.03805065155029297,0.39,0.002644777297973633,0.135,0.01047658920288086,0.08,0.030192136764526367,0.22,1.4056758880615234,0.22,7.016326189041138,0.14,7.774686813354492,0.22,10.712120532989502,0.14,14.861186981201172,0.155,2.926503896713257,-4.0,9
0.305,0.001569986343383789,0.355,0.033674001693725586,0.355,0.03859734535217285,0.4,0.3924548625946045,0.34,0.0011937618255615234,0.365,0.03403115272521973,0.345,0.0024874210357666016,0.16,0.010394096374511719,0.16,0.0070095062255859375,0.24,1.4643616676330566,0.25,7.480963706970215,0.375,7.711987495422363,0.16,10.746813297271729,0.16,13.993566036224365,0.275,2.8831324577331543,-2.0,10
0.36,0.0015783309936523438,0.35,0.03332328796386719,0.375,0.04576754570007324,0.395,0.4138000011444092,0.36,0.0011682510375976562,0.38,0.0354619026184082,0.375,0.0024557113647460938,0.185,0.010509967803955078,0.04,0.006388425827026367,0.105,1.451204538345337,0.235,4.426603317260742,0.39,4.43355655670166,0.19,10.529894828796387,0.18,14.59670114517212,0.19,2.8250019550323486,-2.0,11
0.32,0.0015838146209716797,0.33,0.03419208526611328,0.315,0.048029184341430664,0.355,0.4132199287414551,0.315,0.0011947154998779297,0.345,0.03696727752685547,0.345,0.0024902820587158203,0.17,0.010373830795288086,0.2,0.00634312629699707,0.2,1.507253885269165,0.2,4.367508172988892,0.2,4.354644536972046,0.035,10.725253582000732,0.2,10.907943964004517,0.26,2.7434449195861816,-2.0,12
0.27,0.0016088485717773438,0.315,0.03558087348937988,0.315,0.04558229446411133,0.355,0.4390397071838379,0.35,0.001203298568725586,0.295,0.03167009353637695,0.33,0.0026993751525878906,0.105,0.010927200317382812,0.18,0.006487607955932617,0.17,1.5450892448425293,0.255,7.530073404312134,0.24,7.56944465637207,0.08,6.134516000747681,0.08,8.409041166305542,0.195,2.214599847793579,-2.0,13
0.28,0.0016312599182128906,0.3,0.030865907669067383,0.3,0.03856778144836426,0.33,0.40601301193237305,0.31,0.0011942386627197266,0.345,0.03350257873535156,0.275,0.0025169849395751953,0.145,0.010568857192993164,0.22,0.0062830448150634766,0.215,1.5438740253448486,0.22,4.349097728729248,0.29,4.299298286437988,0.125,6.320420980453491,0.055,8.460477828979492,0.255,2.828258514404297,-2.0,14
0.27,0.0015838146209716797,0.315,0.034191131591796875,0.38,0.04368782043457031,0.38,0.4279022216796875,0.295,0.0012154579162597656,0.325,0.03209662437438965,0.38,0.0027229785919189453,0.175,0.010642290115356445,0.08,0.006868124008178711,0.205,1.5093467235565186,0.245,4.470733880996704,0.32,4.417015790939331,0.08,6.640465974807739,0.05,10.879079103469849,0.265,2.803257703781128,-2.0,15
0.415,0.0016682147979736328,0.42,0.032682180404663086,0.39,0.043396949768066406,0.43,0.439608097076416,0.44,0.0012502670288085938,0.45,0.032048940658569336,0.475,0.002582550048828125,0.155,0.010938167572021484,0.145,0.006729841232299805,0.31,1.5943284034729004,0.34,6.175463438034058,0.305,7.676623821258545,0.155,10.954125881195068,0.32,12.525575399398804,0.325,2.9041388034820557,-2.0,16
0.26,0.0016672611236572266,0.31,0.03190946578979492,0.325,0.04125237464904785,0.345,0.4498164653778076,0.32,0.0013513565063476562,0.33,0.03359031677246094,0.355,0.002589702606201172,0.17,0.010693073272705078,0.185,0.006696939468383789,0.185,1.5394794940948486,0.185,4.4696245193481445,0.215,4.5086328983306885,0.1,6.555947780609131,0.1,8.700786590576172,0.25,2.798109769821167,-2.0,17
0.375,0.0016138553619384766,0.42,0.03315877914428711,0.41,0.03940987586975098,0.43,0.43109607696533203,0.4,0.0012445449829101562,0.41,0.03337574005126953,0.4,0.002709627151489258,0.12,0.010741949081420898,0.12,0.0057146549224853516,0.345,1.6231887340545654,0.35,4.610996246337891,0.385,4.369319438934326,0.12,6.162700653076172,0.35,8.627659559249878,0.295,2.7690606117248535,-2.0,18
0.455,0.0015769004821777344,0.465,0.03289222717285156,0.46,0.04589486122131348,0.49,0.4248051643371582,0.525,0.0011966228485107422,0.54,0.035083770751953125,0.545,0.0024662017822265625,0.16,0.010438680648803711,0.185,0.006754636764526367,0.145,1.4940931797027588,0.33,4.285634994506836,0.33,4.377652168273926,0.135,6.1266748905181885,0.185,8.266437530517578,0.285,1.7702422142028809,-2.0,19
0.325,0.0015950202941894531,0.36,0.036789894104003906,0.38,0.03855776786804199,0.385,0.42858242988586426,0.375,0.0012400150299072266,0.38,0.03318071365356445,0.34,0.0027933120727539062,0.245,0.010674238204956055,0.245,0.007540225982666016,0.245,1.5232596397399902,0.115,6.7241082191467285,0.315,7.879878044128418,0.245,11.059566736221313,0.245,15.001824140548706,0.345,2.8576624393463135,-1.0,20
0.37,0.001577615737915039,0.37,0.03349566459655762,0.405,0.041272878646850586,0.385,0.3864939212799072,0.385,0.0011854171752929688,0.39,0.033472537994384766,0.345,0.002744913101196289,0.175,0.0107421875,0.175,0.006197452545166016,0.34,1.5412039756774902,0.34,4.2264039516448975,0.33,4.194282054901123,0.115,5.914604663848877,0.34,8.111293315887451,0.35,2.7725915908813477,-1.0,21
0.22,0.0015974044799804688,0.315,0.0331721305847168,0.3,0.04417920112609863,0.3,0.3898029327392578,0.345,0.0012192726135253906,0.325,0.03539109230041504,0.335,0.002497434616088867,0.105,0.010504484176635742,0.185,0.006486654281616211,0.18,1.4839386940002441,0.195,4.338595390319824,0.215,4.609701156616211,0.11,7.379326105117798,0.185,14.278974771499634,0.205,2.883223056793213,-1.0,22
0.275,0.0016269683837890625,0.31,0.033164262771606445,0.305,0.05513787269592285,0.355,0.42992591857910156,0.32,0.0012116432189941406,0.34,0.035034894943237305,0.29,0.002438783645629883,0.13,0.010565757751464844,0.18,0.006711721420288086,0.17,1.482469081878662,0.225,7.196660995483398,0.22,7.902459621429443,0.13,10.435675621032715,0.175,8.505973100662231,0.29,2.9210638999938965,-1.0,23
0.25,0.001626729965209961,0.315,0.033444881439208984,0.295,0.0445404052734375,0.33,0.43897485733032227,0.28,0.0012118816375732422,0.29,0.03406023979187012,0.36,0.0027701854705810547,0.095,0.010827064514160156,0.095,0.007280111312866211,0.095,1.4836835861206055,0.095,4.511402606964111,0.215,4.448026895523071,0.16,10.47700572013855,0.16,9.818467140197754,0.24,2.603850841522217,-1.0,24
0.325,0.0016241073608398438,0.355,0.03442096710205078,0.345,0.037491559982299805,0.375,0.4533653259277344,0.315,0.0014216899871826172,0.375,0.034024715423583984,0.33,0.0026111602783203125,0.11,0.010746479034423828,0.23,0.007177591323852539,0.23,1.5485355854034424,0.325,4.5056235790252686,0.335,4.443140983581543,0.12,6.206476449966431,0.12,8.668886661529541,0.27,2.870255947113037,-1.0,25
0.35,0.0016369819641113281,0.365,0.034056663513183594,0.315,0.040245771408081055,0.415,0.43239521980285645,0.35,0.001237630844116211,0.37,0.034241437911987305,0.41,0.002936124801635742,0.175,0.010911941528320312,0.185,0.006894350051879883,0.19,1.6173300743103027,0.325,4.393385410308838,0.34,6.131526708602905,0.145,6.29958963394165,0.055,12.561891078948975,0.235,2.728630781173706,-1.0,26
0.245,0.0015943050384521484,0.315,0.035119056701660156,0.35,0.03767061233520508,0.34,0.4307594299316406,0.26,0.0012066364288330078,0.305,0.03426480293273926,0.315,0.002504110336303711,0.105,0.011081695556640625,0.27,0.006473064422607422,0.27,1.460834264755249,0.27,4.492508172988892,0.27,4.442627191543579,0.27,11.001756429672241,0.155,13.613270044326782,0.25,3.0160341262817383,-1.0,27
0.215,0.00165557861328125,0.275,0.03312325477600098,0.265,0.04539227485656738,0.31,0.42202067375183105,0.28,0.0012347698211669922,0.285,0.03379011154174805,0.255,0.0026040077209472656,0.21,0.010991573333740234,0.185,0.006981849670410156,0.19,1.4932284355163574,0.345,4.412362813949585,0.185,4.58127236366272,0.095,6.267557621002197,0.145,8.397610664367676,0.275,2.8179569244384766,-1.0,28
0.31,0.0016210079193115234,0.3,0.03560638427734375,0.34,0.04766345024108887,0.345,0.40241169929504395,0.37,0.0012476444244384766,0.325,0.03272247314453125,0.32,0.002524137496948242,0.13,0.010946512222290039,0.21,0.0065920352935791016,0.21,1.5394914150238037,0.25,4.369019508361816,0.32,4.606401205062866,0.21,6.238436698913574,0.145,8.306273698806763,0.21,2.8071818351745605,-1.0,29
0.305,0.0015985965728759766,0.31,0.03278231620788574,0.355,0.04461193084716797,0.34,0.37218236923217773,0.31,0.0012123584747314453,0.32,0.03312420845031738,0.265,0.0024614334106445312,0.185,0.010602951049804688,0.295,0.006280660629272461,0.295,1.5077290534973145,0.285,4.422645807266235,0.3,4.358135223388672,0.105,11.002357244491577,0.105,12.908233165740967,0.255,2.220761775970459,-0.5,30
0.285,0.0016398429870605469,0.27,0.0347895622253418,0.3,0.03756427764892578,0.315,0.37664318084716797,0.26,0.0012576580047607422,0.325,0.0385279655456543,0.27,0.0027091503143310547,0.17,0.010683774948120117,0.26,0.006087541580200195,0.255,1.597346305847168,0.29,4.368659496307373,0.26,4.377474784851074,0.095,6.14609169960022,0.095,8.422680377960205,0.26,2.891073703765869,-0.5,31
0.315,0.0016460418701171875,0.285,0.03410649299621582,0.325,0.045729637145996094,0.32,0.41508960723876953,0.32,0.0014438629150390625,0.275,0.20069122314453125,0.29,0.0030815601348876953,0.105,0.010662317276000977,0.15,0.007218122482299805,0.15,1.5991201400756836,0.12,4.52187180519104,0.22,4.41725754737854,0.12,6.066558122634888,0.12,8.299916505813599,0.22,2.3745956420898438,-0.5,32
0.285,0.0016465187072753906,0.295,0.033593177795410156,0.315,0.03799605369567871,0.3,0.3735671043395996,0.3,0.0012497901916503906,0.31,0.032607078552246094,0.285,0.0026488304138183594,0.28,0.010655641555786133,0.28,0.006293773651123047,0.275,1.5315356254577637,0.295,4.424432754516602,0.3,4.289320468902588,0.08,6.104008674621582,0.28,8.11175537109375,0.28,2.512515068054199,-0.5,33
0.325,0.0016415119171142578,0.315,0.03649759292602539,0.345,0.044295549392700195,0.395,0.3914611339569092,0.345,0.0012297630310058594,0.39,0.034628868103027344,0.39,0.0026302337646484375,0.295,0.010695934295654297,0.295,0.005944967269897461,0.29,1.535609245300293,0.3,4.508232116699219,0.32,5.910303354263306,0.295,10.971895217895508,0.295,12.85226583480835,0.295,2.922088146209717,-0.5,34
0.36,0.0016012191772460938,0.37,0.036023855209350586,0.315,0.04314112663269043,0.385,0.40085482597351074,0.39,0.0012187957763671875,0.42,0.034798622131347656,0.385,0.0026879310607910156,0.125,0.010733366012573242,0.255,0.0064165592193603516,0.25,1.5416793823242188,0.395,4.368436336517334,0.355,4.364543676376343,0.08,10.340897798538208,0.15,14.648204803466797,0.285,2.8222334384918213,-0.5,35
0.29,0.0016133785247802734,0.315,0.03248167037963867,0.325,0.03603243827819824,0.325,0.41681885719299316,0.28,0.0012328624725341797,0.335,0.03333783149719238,0.325,0.002561330795288086,0.175,0.01048588752746582,0.22,0.006170988082885742,0.22,1.5332517623901367,0.22,4.26002311706543,0.22,4.218475580215454,0.055,6.217627286911011,0.22,8.374168872833252,0.275,2.784449338912964,-0.5,36
0.25,0.0016047954559326172,0.28,0.033524513244628906,0.265,0.04539036750793457,0.23,0.3483114242553711,0.3,0.0011973381042480469,0.32,0.03468799591064453,0.235,0.002407550811767578,0.18,0.01049041748046875,0.21,0.006497859954833984,0.21,1.484684705734253,0.265,4.222190856933594,0.22,4.189261436462402,0.18,6.041158199310303,0.21,8.028343915939331,0.245,2.8492205142974854,-0.5,37
0.345,0.001607656478881836,0.38,0.03337287902832031,0.38,0.048191070556640625,0.395,0.43555259704589844,0.305,0.00122833251953125,0.375,0.03586244583129883,0.41,0.0026481151580810547,0.175,0.01105356216430664,0.34,0.00570988655090332,0.335,1.53196382522583,0.32,7.369033098220825,0.33,7.86792254447937,0.34,10.856244802474976,0.04,14.61707067489624,0.255,2.8682315349578857,-0.5,38
0.3,0.001583099365234375,0.34,0.033548593521118164,0.39,0.048525094985961914,0.345,0.4262375831604004,0.335,0.0011916160583496094,0.325,0.034192800521850586,0.325,0.0025327205657958984,0.28,0.010450363159179688,0.28,0.005766868591308594,0.28,1.5641021728515625,0.27,4.43369197845459,0.345,4.474244832992554,0.09,11.044659852981567,0.27,14.94865083694458,0.29,2.837087392807007,-0.5,39
0.24,0.00159454345703125,0.31,0.032463788986206055,0.345,0.03793907165527344,0.325,0.40238523483276367,0.245,0.0011780261993408203,0.325,0.036422014236450195,0.27,0.002457141876220703,0.14,0.010515928268432617,0.175,0.006166696548461914,0.17,1.4643642902374268,0.245,7.408464670181274,0.28,7.799443483352661,0.06,10.918643236160278,0.175,15.064047813415527,0.215,2.8366942405700684,-0.25,40
0.335,0.0016231536865234375,0.33,0.03630352020263672,0.295,0.04619193077087402,0.305,0.419574499130249,0.34,0.001203775405883789,0.335,0.03428816795349121,0.3,0.002534627914428711,0.165,0.01054835319519043,0.275,0.006070137023925781,0.285,1.5450365543365479,0.35,4.275803565979004,0.335,4.486335754394531,0.275,6.137987852096558,0.275,8.334701538085938,0.295,2.8257930278778076,-0.25,41
0.235,0.0015592575073242188,0.225,0.032855987548828125,0.25,0.038916826248168945,0.24,0.41780829429626465,0.215,0.0011754035949707031,0.24,0.03458356857299805,0.255,0.0023872852325439453,0.16,0.010477781295776367,0.185,0.0063474178314208984,0.165,1.436875820159912,0.205,4.444778203964233,0.21,4.418853282928467,0.105,6.060048341751099,0.185,8.295517444610596,0.19,2.845762014389038,-0.25,42
0.31,0.0015685558319091797,0.335,0.033124685287475586,0.36,0.035805702209472656,0.365,0.412062406539917,0.36,0.0011665821075439453,0.365,0.034752845764160156,0.255,0.0024514198303222656,0.18,0.010504722595214844,0.215,0.006060123443603516,0.195,1.4776685237884521,0.245,4.216350793838501,0.215,4.229830741882324,0.215,6.005422115325928,0.215,8.322702884674072,0.25,2.8714866638183594,-0.25,43
0.28,0.001603841781616211,0.365,0.033669471740722656,0.285,0.0338892936706543,0.315,0.38066530227661133,0.295,0.0012176036834716797,0.305,0.03235507011413574,0.245,0.0025963783264160156,0.15,0.010674238204956055,0.325,0.006086587905883789,0.27,1.5616862773895264,0.325,4.249760866165161,0.345,4.322664022445679,0.325,8.336986780166626,0.325,14.360385417938232,0.305,2.8914334774017334,-0.25,44
0.365,0.0016255378723144531,0.33,0.032848358154296875,0.39,0.03799796104431152,0.345,0.41613197326660156,0.315,0.0012080669403076172,0.36,0.0369260311126709,0.265,0.002566099166870117,0.19,0.010402679443359375,0.15,0.0064318180084228516,0.16,1.4856598377227783,0.245,6.265397310256958,0.195,7.700000762939453,0.11,6.648044109344482,0.15,8.972471475601196,0.235,2.2038896083831787,-0.25,45
0.39,0.0016548633575439453,0.37,0.034069061279296875,0.37,0.03975272178649902,0.405,0.4176492691040039,0.395,0.0013298988342285156,0.38,0.033524513244628906,0.35,0.0025587081909179688,0.16,0.011010169982910156,0.36,0.007071018218994141,0.335,1.6117053031921387,0.36,4.945168972015381,0.36,4.484072208404541,0.07,6.361650228500366,0.36,8.866212844848633,0.325,1.6771214008331299,-0.25,46
0.375,0.0016872882843017578,0.37,0.03383064270019531,0.395,0.03248858451843262,0.385,0.39473795890808105,0.395,0.0012671947479248047,0.39,0.032404184341430664,0.38,0.002711057662963867,0.145,0.010915517807006836,0.215,0.00599217414855957,0.18,1.610529899597168,0.405,4.60800838470459,0.285,4.419719934463501,0.275,6.738830327987671,0.275,8.879855871200562,0.285,2.118772029876709,-0.25,47
0.355,0.001851797103881836,0.335,0.03399300575256348,0.34,0.03983044624328613,0.31,0.3940908908843994,0.365,0.0012392997741699219,0.35,0.03223133087158203,0.37,0.0026445388793945312,0.12,0.010737180709838867,0.265,0.006422519683837891,0.18,1.6061084270477295,0.29,4.427689075469971,0.305,4.372274875640869,0.07,6.288616418838501,0.265,8.426395893096924,0.3,1.5986716747283936,-0.25,48
0.29,0.0016405582427978516,0.275,0.03274393081665039,0.25,0.03773760795593262,0.3,0.36751723289489746,0.26,0.0012288093566894531,0.265,0.032421112060546875,0.29,0.0027501583099365234,0.115,0.011206388473510742,0.225,0.006537914276123047,0.23,1.5394847393035889,0.245,5.013139009475708,0.24,4.447427272796631,0.115,6.157254934310913,0.225,8.814571380615234,0.235,1.688875436782837,-0.25,49
0.25,0.0013773441314697266,0.24,0.032340049743652344,0.25,0.033342599868774414,0.285,0.40947961807250977,0.25,0.0012712478637695312,0.24,0.03210806846618652,0.26,0.0021936893463134766,0.185,0.010643243789672852,0.285,0.008155107498168945,0.16,1.485978603363037,0.26,4.6500022411346436,0.1,4.869831800460815,0.1,6.538689136505127,0.285,6.346417665481567,0.28,1.4509027004241943,0.0,50
0.255,0.0012857913970947266,0.335,0.036045074462890625,0.255,0.03297543525695801,0.28,0.36516475677490234,0.255,0.0011878013610839844,0.335,0.03462386131286621,0.25,0.0022635459899902344,0.16,0.014229297637939453,0.16,0.008109807968139648,0.1,1.4561221599578857,0.22,4.575996160507202,0.28,4.558247327804565,0.135,6.444636106491089,0.05,6.388430118560791,0.25,1.1447749137878418,0.0,51
0.33,0.0012969970703125,0.315,0.03220248222351074,0.33,0.0370028018951416,0.355,0.3815898895263672,0.33,0.0012295246124267578,0.315,0.03379511833190918,0.275,0.0025930404663085938,0.155,0.010808944702148438,0.125,0.008144378662109375,0.175,1.4673047065734863,0.195,4.802018642425537,0.235,4.875669240951538,0.105,6.99846625328064,0.125,6.825165748596191,0.2,1.204491376876831,0.0,52
0.235,0.0014717578887939453,0.3,0.0336453914642334,0.23,0.03496408462524414,0.325,0.3978915214538574,0.23,0.0014078617095947266,0.3,0.033014774322509766,0.275,0.002583742141723633,0.2,0.010827302932739258,0.04,0.008795022964477539,0.06,1.5442333221435547,0.23,4.721843004226685,0.23,4.949620008468628,0.055,6.693960428237915,0.23,6.726759672164917,0.255,1.1940927505493164,0.0,53
0.31,0.0017573833465576172,0.345,0.03502774238586426,0.31,0.03663921356201172,0.375,0.3947715759277344,0.31,0.0013747215270996094,0.345,0.03368401527404785,0.355,0.00226593017578125,0.175,0.016158342361450195,0.13,0.008948326110839844,0.15,1.5699846744537354,0.23,4.841087341308594,0.235,4.959531545639038,0.23,6.9106385707855225,0.23,6.692519664764404,0.195,1.156881332397461,0.0,54
0.305,0.0013206005096435547,0.35,0.03299713134765625,0.3,0.03421282768249512,0.31,0.371490478515625,0.305,0.0012788772583007812,0.35,0.03311491012573242,0.26,0.0025594234466552734,0.235,0.01207876205444336,0.135,0.0086669921875,0.095,1.5330841541290283,0.31,4.60394549369812,0.3,4.734795808792114,0.31,6.713384628295898,0.31,6.362785339355469,0.3,1.1683847904205322,0.0,55
0.25,0.001256704330444336,0.235,0.03238081932067871,0.25,0.03742718696594238,0.28,0.38086724281311035,0.25,0.001239776611328125,0.235,0.03263068199157715,0.24,0.0022726058959960938,0.12,0.010837316513061523,0.095,0.007792472839355469,0.12,1.4675426483154297,0.225,4.773856163024902,0.195,4.900257110595703,0.225,6.456558465957642,0.055,6.537708759307861,0.205,1.1797430515289307,0.0,56
0.285,0.0012969970703125,0.335,0.03531813621520996,0.285,0.03472709655761719,0.335,0.34154748916625977,0.285,0.0012774467468261719,0.335,0.03362083435058594,0.345,0.0024378299713134766,0.195,0.010531187057495117,0.23,0.008375167846679688,0.195,1.525935411453247,0.28,4.77194881439209,0.23,4.7962846755981445,0.13,6.833989143371582,0.23,6.5560925006866455,0.305,1.1825120449066162,0.0,57
0.335,0.0013463497161865234,0.33,0.03204226493835449,0.335,0.034926414489746094,0.325,0.3891422748565674,0.335,0.001264333724975586,0.33,0.03258872032165527,0.27,0.0023505687713623047,0.15,0.011085748672485352,0.13,0.006868839263916016,0.125,1.6197707653045654,0.295,4.751644134521484,0.305,4.596222400665283,0.105,6.44171142578125,0.295,6.412823677062988,0.29,1.1575684547424316,0.0,58
0.345,0.0013036727905273438,0.385,0.03280901908874512,0.355,0.036957502365112305,0.38,0.4058194160461426,0.355,0.0012302398681640625,0.385,0.032254934310913086,0.305,0.002244710922241211,0.305,0.023001909255981445,0.185,0.007893562316894531,0.14,1.5224223136901855,0.29,4.724851608276367,0.305,4.673887252807617,0.16,6.622466802597046,0.22,6.6392927169799805,0.275,1.3369057178497314,0.0,59
0.275,0.0017247200012207031,0.27,0.03316998481750488,0.25,0.03635048866271973,0.275,0.3814549446105957,0.25,0.0015132427215576172,0.29,0.03379249572753906,0.245,0.002546548843383789,0.185,0.012881278991699219,0.22,0.00624537467956543,,,0.26,4.590217113494873,0.23,4.2900402545928955,0.085,6.089678049087524,0.085,9.88570785522461,0.245,1.7063708305358887,0.25,60
0.345,0.0016651153564453125,0.355,0.0341334342956543,0.285,0.03551220893859863,0.325,0.38384222984313965,0.325,0.0012316703796386719,0.355,0.034288644790649414,0.32,0.0026099681854248047,0.3,0.010980844497680664,0.295,0.006516695022583008,,,0.295,4.808176517486572,0.34,4.600433349609375,0.035,6.190858602523804,0.295,9.846982717514038,0.325,1.585918664932251,0.25,61
0.29,0.0017116069793701172,0.32,0.03329110145568848,0.24,0.03385519981384277,0.295,0.35039258003234863,0.275,0.0012519359588623047,0.31,0.032456159591674805,0.315,0.0023806095123291016,0.21,0.010472297668457031,0.26,0.007158517837524414,,,0.275,4.70505166053772,0.25,4.6439878940582275,0.08,6.620436429977417,0.065,10.227155685424805,0.28,1.6028411388397217,0.25,62
0.225,0.001661539077758789,0.245,0.032663822174072266,0.245,0.03232264518737793,0.3,0.37148237228393555,0.26,0.0012638568878173828,0.29,0.03385281562805176,0.265,0.0023772716522216797,0.19,0.010560035705566406,0.235,0.007804155349731445,,,0.27,4.738219976425171,0.24,4.380659818649292,0.235,6.018351316452026,0.235,9.968955755233765,0.185,1.845850944519043,0.25,63
0.315,0.0017552375793457031,0.335,0.0335078239440918,0.255,0.03331899642944336,0.295,0.38382482528686523,0.285,0.0012633800506591797,0.315,0.032288312911987305,0.345,0.0026006698608398438,0.19,0.010860919952392578,0.245,0.007947206497192383,,,0.32,4.7066144943237305,0.26,4.459116220474243,0.13,6.65987229347229,0.13,9.88900089263916,0.295,1.725602388381958,0.25,64
0.31,0.0016694068908691406,0.35,0.033579349517822266,0.32,0.03238534927368164,0.315,0.37680506706237793,0.275,0.0012624263763427734,0.34,0.03369927406311035,0.315,0.002536296844482422,0.235,0.01097416877746582,0.19,0.00831913948059082,,,0.275,5.12805962562561,0.32,4.4612040519714355,0.14,6.07764196395874,0.19,10.006100416183472,0.23,1.5605266094207764,0.25,65
0.305,0.0016369819641113281,0.315,0.0341038703918457,0.275,0.034093379974365234,0.315,0.3794686794281006,0.27,0.0012927055358886719,0.35,0.03167581558227539,0.25,0.0025835037231445312,0.185,0.011424541473388672,0.195,0.007531404495239258,,,0.27,4.328373432159424,0.27,4.671428203582764,0.115,6.058033227920532,0.125,9.902478694915771,0.205,1.5611934661865234,0.25,66
0.285,0.0016222000122070312,0.355,0.03256082534790039,0.265,0.034363746643066406,0.33,0.37698864936828613,0.28,0.001260995864868164,0.35,0.03267979621887207,0.225,0.002298593521118164,0.27,0.010524511337280273,0.28,0.007521629333496094,,,0.295,4.802750587463379,0.325,4.418864965438843,0.1,6.481945753097534,0.12,10.279571056365967,0.31,1.8780114650726318,0.25,67
0.28,0.0017392635345458984,0.325,0.03223896026611328,0.235,0.03546476364135742,0.245,0.37905311584472656,0.285,0.0012459754943847656,0.305,0.032649993896484375,0.26,0.0024259090423583984,0.16,0.010880231857299805,0.21,0.007943153381347656,,,0.035,4.682534217834473,0.16,4.519768953323364,0.21,6.361454963684082,0.21,10.498804807662964,0.265,2.007276773452759,0.25,68
0.195,0.00177764892578125,0.24,0.03305315971374512,0.26,0.031943559646606445,0.23,0.3639028072357178,0.265,0.0015735626220703125,0.26,0.0332791805267334,0.19,0.0027599334716796875,0.145,0.010552406311035156,0.19,0.0076007843017578125,,,0.275,4.879530906677246,0.185,4.7917656898498535,0.1,6.346269369125366,0.11,10.24660849571228,0.21,1.7071778774261475,0.25,69
0.235,0.0016357898712158203,0.315,0.0325160026550293,0.255,0.031777381896972656,0.285,0.38056230545043945,0.275,0.001241445541381836,0.38,0.03249621391296387,0.27,0.002529144287109375,0.155,0.010757923126220703,0.165,0.008094072341918945,,,0.23,4.433126926422119,0.24,4.372607231140137,0.165,6.042829513549805,0.17,10.117764234542847,0.185,1.7629542350769043,0.5,70
0.215,0.001645803451538086,0.275,0.03376340866088867,0.22,0.03264188766479492,0.25,0.3597567081451416,0.2,0.0012655258178710938,0.255,0.032225847244262695,0.275,0.0024101734161376953,0.17,0.010542154312133789,0.23,0.007640361785888672,,,0.23,4.4859912395477295,0.22,4.3799147605896,0.23,6.115295886993408,0.11,10.018340349197388,0.25,1.5782089233398438,0.5,71
0.235,0.0016417503356933594,0.27,0.03383326530456543,0.265,0.033678531646728516,0.3,0.3564414978027344,0.31,0.0012500286102294922,0.29,0.031884193420410156,0.23,0.002538919448852539,0.26,0.011058330535888672,0.27,0.007393598556518555,,,0.245,4.50701379776001,0.265,4.252798080444336,0.095,6.5696189403533936,0.27,10.878911256790161,0.265,1.8482639789581299,0.5,72
0.35,0.0017108917236328125,0.39,0.034804582595825195,0.345,0.03546500205993652,0.355,0.4020543098449707,0.29,0.0012311935424804688,0.36,0.03232979774475098,0.305,0.002386331558227539,0.21,0.0110321044921875,0.27,0.007961511611938477,,,0.31,4.512582063674927,0.28,4.4005773067474365,0.06,6.050395488739014,0.27,10.003457069396973,0.275,1.5819311141967773,0.5,73
0.275,0.0022644996643066406,0.3,0.03502368927001953,0.245,0.0365605354309082,0.28,0.38413286209106445,0.26,0.0012662410736083984,0.33,0.03199887275695801,0.26,0.0024747848510742188,0.265,0.010694742202758789,0.255,0.007184028625488281,,,0.295,4.5775535106658936,0.27,4.553491592407227,0.095,6.138787746429443,0.205,10.42821455001831,0.32,1.642709493637085,0.5,74
0.36,0.0016520023345947266,0.325,0.0340421199798584,0.335,0.03429841995239258,0.365,0.4053077697753906,0.33,0.001277923583984375,0.33,0.03299570083618164,0.3,0.0024843215942382812,0.15,0.010971307754516602,0.27,0.007750034332275391,,,0.35,4.856222152709961,0.28,4.760891914367676,0.13,6.282551527023315,0.08,10.031514406204224,0.3,1.8662405014038086,0.5,75
0.28,0.001878499984741211,0.265,0.03152179718017578,0.305,0.03566408157348633,0.3,0.3737802505493164,0.24,0.0012848377227783203,0.305,0.034032583236694336,0.305,0.0022935867309570312,0.18,0.01061701774597168,0.165,0.007944107055664062,,,0.22,4.61292290687561,0.15,4.452771186828613,0.075,6.579665660858154,0.075,10.187685012817383,0.155,1.6169581413269043,0.5,76
0.335,0.0021038055419921875,0.35,0.033621788024902344,0.35,0.041953086853027344,0.33,0.377000093460083,0.35,0.00127410888671875,0.35,0.03505706787109375,0.295,0.0024480819702148438,0.14,0.010692596435546875,0.21,0.0075533390045166016,,,0.34,4.428637742996216,0.305,4.380791425704956,0.08,6.126404762268066,0.21,10.020426511764526,0.31,1.6339607238769531,0.5,77
0.175,0.0017704963684082031,0.25,0.20058202743530273,0.21,0.034140825271606445,0.22,0.374614953994751,0.16,0.001237630844116211,0.17,0.03374910354614258,0.205,0.002366781234741211,0.18,0.01100611686706543,0.205,0.00963282585144043,,,0.185,4.5415167808532715,0.215,4.3397440910339355,0.205,6.371691465377808,0.205,10.67896056175232,0.215,1.6538465023040771,0.5,78
0.285,0.0016613006591796875,0.295,0.03443479537963867,0.305,0.03408455848693848,0.315,0.37996768951416016,0.25,0.0012679100036621094,0.26,0.032746315002441406,0.29,0.0024437904357910156,0.225,0.010788917541503906,0.22,0.008202552795410156,,,0.245,4.712607145309448,0.205,4.434786558151245,0.15,6.086117506027222,0.15,10.129063844680786,0.225,1.7120192050933838,0.5,79
0.29,0.0016770362854003906,0.295,0.03301692008972168,0.285,0.03521108627319336,0.32,0.3846311569213867,0.32,0.001222848892211914,0.31,0.032932281494140625,0.24,0.002793550491333008,0.24,0.01063990592956543,0.185,0.008578062057495117,0.11,188.5716598033905,0.185,4.331786870956421,0.18,4.676387786865234,0.17,6.263165473937988,0.17,10.068224430084229,0.285,1.5798048973083496,1.0,80
0.23,0.001672983169555664,0.225,0.033890724182128906,0.22,0.035310983657836914,0.225,0.37848925590515137,0.295,0.001401662826538086,0.27,0.03331470489501953,0.215,0.0024099349975585938,0.145,0.011035442352294922,0.13,0.0063381195068359375,0.13,160.67772340774536,0.155,4.383264064788818,0.17,4.397334814071655,0.055,6.50862193107605,0.13,10.252979755401611,0.115,2.4403164386749268,1.0,81
0.35,0.0016372203826904297,0.285,0.032042741775512695,0.35,0.03609156608581543,0.345,0.3690619468688965,0.285,0.0012412071228027344,0.28,0.031111717224121094,0.305,0.002521514892578125,0.26,0.010637283325195312,0.23,0.006163120269775391,0.23,185.3327877521515,0.3,4.601827383041382,0.23,4.370026111602783,0.23,6.326574325561523,0.115,10.123392343521118,0.23,1.61202073097229,1.0,82
0.3,0.0017647743225097656,0.32,0.03307676315307617,0.29,0.03323626518249512,0.38,0.3790261745452881,0.285,0.0012481212615966797,0.335,0.0328984260559082,0.355,0.0024993419647216797,0.145,0.010441064834594727,0.23,0.0074923038482666016,0.23,221.28530168533325,0.255,4.596535682678223,0.22,4.374701023101807,0.125,6.172872543334961,0.23,9.939224481582642,0.21,1.6077725887298584,1.0,83
0.355,0.0016312599182128906,0.37,0.03301382064819336,0.36,0.034562110900878906,0.38,0.3822817802429199,0.365,0.0012471675872802734,0.39,0.033074378967285156,0.375,0.0026917457580566406,0.255,0.010864734649658203,0.185,0.009298563003540039,0.185,158.68814635276794,0.22,4.4684507846832275,0.235,4.467930316925049,0.15,6.539949417114258,0.095,10.032095193862915,0.27,1.5871367454528809,1.0,84
0.305,0.0016791820526123047,0.345,0.03232574462890625,0.325,0.03526163101196289,0.345,0.3830718994140625,0.305,0.0012466907501220703,0.34,0.033263206481933594,0.305,0.002436399459838867,0.14,0.011350870132446289,0.165,0.006955623626708984,0.135,237.27297687530518,0.27,4.542273283004761,0.225,4.345505952835083,0.165,6.575186014175415,0.135,10.146880626678467,0.255,1.8434479236602783,1.0,85
0.295,0.001661062240600586,0.33,0.032591819763183594,0.325,0.033111572265625,0.355,0.3849177360534668,0.285,0.0012254714965820312,0.27,0.032768964767456055,0.32,0.0023651123046875,0.145,0.011544942855834961,0.25,0.011047124862670898,0.25,181.54523348808289,0.305,4.727802515029907,0.275,4.534977197647095,0.145,6.669993162155151,0.065,10.681050539016724,0.17,1.6741118431091309,1.0,86
0.275,0.0016515254974365234,0.315,0.031725168228149414,0.305,0.035306692123413086,0.32,0.38776135444641113,0.295,0.0013878345489501953,0.305,0.03296065330505371,0.3,0.0024292469024658203,0.21,0.010938882827758789,0.24,0.011049747467041016,0.24,206.13101601600647,0.21,4.586944818496704,0.24,5.632414102554321,0.2,6.238905668258667,0.05,10.19695782661438,0.285,1.566460371017456,1.0,87
0.275,0.001928091049194336,0.245,0.03393125534057617,0.24,0.03409838676452637,0.24,0.380659818649292,0.23,0.0012302398681640625,0.22,0.032095909118652344,0.255,0.0023844242095947266,0.195,0.01053619384765625,0.15,0.006897449493408203,0.15,188.14416980743408,0.25,4.345956087112427,0.175,4.311651706695557,0.13,6.187892913818359,0.13,10.492942094802856,0.13,1.71806001663208,1.0,88
0.22,0.0017292499542236328,0.285,0.0323026180267334,0.245,0.03464698791503906,0.275,0.3836531639099121,0.23,0.0012667179107666016,0.245,0.032056570053100586,0.21,0.002460002899169922,0.225,0.010918617248535156,0.17,0.007672548294067383,0.17,113.79235291481018,0.195,4.476574659347534,0.245,4.454266548156738,0.13,6.674097776412964,0.17,10.416252374649048,0.13,2.4972050189971924,1.0,89
0.31,0.0015931129455566406,0.275,0.03291440010070801,0.29,0.04245138168334961,0.305,0.37707042694091797,0.245,0.0012254714965820312,0.24,0.03289914131164551,0.235,0.0024209022521972656,0.15,0.010348320007324219,0.24,0.006517887115478516,,,0.245,4.387227773666382,0.27,4.359994649887085,0.11,5.9664106369018555,0.095,9.906000852584839,0.095,2.826720952987671,2.0,90
0.32,0.0016052722930908203,0.34,0.033281803131103516,0.33,0.033930301666259766,0.375,0.37239885330200195,0.285,0.0012447834014892578,0.31,0.036290884017944336,0.295,0.0023000240325927734,0.265,0.01028299331665039,0.26,0.006056785583496094,,,0.28,4.416836738586426,0.28,4.341172456741333,0.26,5.994789123535156,0.26,9.901174545288086,0.26,2.7915632724761963,2.0,91
0.275,0.0015745162963867188,0.315,0.033535003662109375,0.275,0.04293680191040039,0.32,0.39608168601989746,0.235,0.001194000244140625,0.285,0.034058332443237305,0.305,0.002361774444580078,0.255,0.010492801666259766,0.275,0.006975650787353516,,,0.285,4.2524988651275635,0.275,4.242284059524536,0.08,5.967738389968872,0.06,9.807910203933716,0.06,2.7846226692199707,2.0,92
0.29,0.0016093254089355469,0.33,0.03400850296020508,0.28,0.0409855842590332,0.26,0.3824961185455322,0.235,0.001203775405883789,0.26,0.037338972091674805,0.25,0.0022695064544677734,0.205,0.010332822799682617,0.25,0.007368326187133789,,,0.26,4.4087443351745605,0.25,4.413222074508667,0.12,6.047714471817017,0.135,9.580561399459839,0.135,1.6132798194885254,2.0,93
0.35,0.0015845298767089844,0.34,0.03486061096191406,0.36,0.0387117862701416,0.365,0.36065173149108887,0.365,0.001218557357788086,0.32,0.03442788124084473,0.305,0.0022649765014648438,0.315,0.010251522064208984,0.315,0.0067157745361328125,,,0.31,4.242055416107178,0.34,4.158589839935303,0.17,5.858196973800659,0.04,9.434917688369751,0.04,2.746875524520874,2.0,94
0.305,0.0015974044799804688,0.32,0.03371477127075195,0.32,0.04039192199707031,0.35,0.36966538429260254,0.21,0.001220703125,0.2,0.03461480140686035,0.225,0.0026619434356689453,0.19,0.010351419448852539,0.18,0.0073812007904052734,,,0.25,4.2184224128723145,0.195,4.258638143539429,0.18,6.266195297241211,0.08,10.292917490005493,0.08,2.7893238067626953,2.0,95
0.22,0.0016155242919921875,0.25,0.035361289978027344,0.245,0.04022979736328125,0.235,0.3759765625,0.25,0.0012443065643310547,0.225,0.03344249725341797,0.215,0.002486705780029297,0.2,0.010489225387573242,0.22,0.0066983699798583984,,,0.23,4.359235525131226,0.22,4.555034399032593,0.22,6.219710111618042,0.22,9.982071876525879,0.22,2.7587356567382812,2.0,96
0.28,0.0016031265258789062,0.29,0.033393144607543945,0.23,0.04120659828186035,0.285,0.3625764846801758,0.19,0.001201629638671875,0.235,0.03282570838928223,0.23,0.002378225326538086,0.195,0.010423660278320312,0.22,0.007254123687744141,,,0.19,4.3542399406433105,0.22,4.200636625289917,0.2,5.887485980987549,0.2,9.755438566207886,0.2,2.7518310546875,2.0,97
0.225,0.0015578269958496094,0.21,0.03385567665100098,0.23,0.04210400581359863,0.315,0.3564877510070801,0.24,0.001180410385131836,0.25,0.034890174865722656,0.22,0.0024170875549316406,0.19,0.010291337966918945,0.155,0.00769805908203125,,,0.18,4.192243576049805,0.185,4.17689847946167,0.06,6.076936721801758,0.215,9.765226602554321,0.215,2.8154640197753906,2.0,98
0.265,0.0015778541564941406,0.29,0.03286170959472656,0.265,0.04157662391662598,0.275,0.38194870948791504,0.275,0.0012021064758300781,0.265,0.03336048126220703,0.285,0.0022666454315185547,0.135,0.010415315628051758,0.225,0.006995677947998047,,,0.265,4.447501182556152,0.23,4.328191757202148,0.135,5.9089460372924805,0.07,9.659138679504395,0.07,2.7250115871429443,2.0,99
0.24,0.001611471176147461,0.26,0.03250479698181152,0.245,0.04093527793884277,0.265,0.36723947525024414,0.235,0.001260519027709961,0.26,0.034479618072509766,0.24,0.002382516860961914,0.15,0.010397195816040039,0.2,0.006612539291381836,,,0.295,4.331620931625366,0.25,4.43895411491394,0.2,6.195405006408691,0.025,9.954222917556763,0.025,2.771376371383667,4.0,100
0.265,0.0016481876373291016,0.275,0.032576799392700195,0.28,0.031131982803344727,0.305,0.349595308303833,0.27,0.0012316703796386719,0.245,0.03623652458190918,0.25,0.0023756027221679688,0.175,0.010396957397460938,0.215,0.006414175033569336,,,0.28,4.2882373332977295,0.265,4.3159263134002686,0.065,10.798556804656982,0.085,17.39547085762024,0.085,2.807225227355957,4.0,101
0.355,0.0016028881072998047,0.295,0.033570051193237305,0.29,0.03293728828430176,0.32,0.3641092777252197,0.285,0.0012073516845703125,0.295,0.0336763858795166,0.225,0.002301931381225586,0.3,0.010244607925415039,0.3,0.007490634918212891,,,0.3,7.59323263168335,0.3,7.58132004737854,0.165,10.757835388183594,0.14,17.331088304519653,0.14,2.884575366973877,4.0,102
0.295,0.0016503334045410156,0.255,0.03308415412902832,0.255,0.04080319404602051,0.245,0.37387728691101074,0.24,0.0012125968933105469,0.215,0.033437252044677734,0.235,0.002328157424926758,0.19,0.010423421859741211,0.15,0.007631778717041016,,,0.19,4.519523859024048,0.21,4.387299060821533,0.15,10.766276597976685,0.11,17.166725635528564,0.11,2.797455072402954,4.0,103
0.285,0.0016045570373535156,0.275,0.03493070602416992,0.275,0.03286266326904297,0.285,0.37426304817199707,0.235,0.0011754035949707031,0.27,0.03453493118286133,0.2,0.0022110939025878906,0.14,0.010268449783325195,0.205,0.007276773452758789,,,0.24,4.215871334075928,0.19,4.183629035949707,0.205,5.897140264511108,0.125,9.899137496948242,0.125,2.639167308807373,4.0,104
0.22,0.0016303062438964844,0.22,0.033251285552978516,0.205,0.036296844482421875,0.26,0.3734102249145508,0.23,0.0012049674987792969,0.24,0.034639596939086914,0.25,0.002485513687133789,0.26,0.010463953018188477,0.26,0.007088899612426758,,,0.26,7.481871128082275,0.26,7.676719427108765,0.11,11.016282081604004,0.115,10.407216787338257,0.115,2.777606725692749,4.0,105
0.33,0.0015866756439208984,0.365,0.0336148738861084,0.32,0.03062582015991211,0.395,0.35540103912353516,0.29,0.0011987686157226562,0.295,0.034514427185058594,0.305,0.002309083938598633,0.245,0.01034402847290039,0.245,0.006738185882568359,,,0.355,4.330462694168091,0.315,4.351468086242676,0.245,5.907089948654175,0.025,9.483333349227905,0.025,2.7952756881713867,4.0,106
0.235,0.0016341209411621094,0.24,0.034851789474487305,0.17,0.04794597625732422,0.245,0.3646085262298584,0.21,0.0012040138244628906,0.225,0.03419375419616699,0.265,0.0024259090423583984,0.155,0.010411500930786133,0.2,0.007461071014404297,,,0.21,4.368643760681152,0.205,4.395581483840942,0.2,6.163447141647339,0.135,9.799401044845581,0.135,1.6187176704406738,4.0,107
0.27,0.0016298294067382812,0.295,0.03516840934753418,0.215,0.031237125396728516,0.2,0.3560526371002197,0.195,0.0012111663818359375,0.22,0.03448152542114258,0.19,0.002218008041381836,0.19,0.010381460189819336,0.135,0.006436347961425781,,,0.17,4.2414329051971436,0.235,4.413700580596924,0.19,5.8315699100494385,0.085,9.536264896392822,0.085,2.735902786254883,4.0,108
0.325,0.0015840530395507812,0.275,0.03516530990600586,0.29,0.04360842704772949,0.295,0.36597156524658203,0.2,0.0011827945709228516,0.255,0.03564286231994629,0.26,0.0023899078369140625,0.095,0.010392189025878906,0.23,0.007916688919067383,,,0.29,4.469623804092407,0.23,6.449583053588867,0.075,6.317039966583252,0.125,9.975088596343994,0.125,2.912095785140991,4.0,109
