sklearn_dt_f1-micro	sklearn_dt_accuracy	sklearn_dt_time	sklearn_rf_f1-micro	sklearn_rf_accuracy	sklearn_rf_time	product_dt_f1-micro	product_dt_accuracy	product_dt_time	product_rf_f1-micro	product_rf_accuracy	product_rf_time	tangent_dt_f1-micro	tangent_dt_accuracy	tangent_dt_time	tangent_rf_f1-micro	tangent_rf_accuracy	tangent_rf_time	knn_f1-micro	knn_accuracy	knn_time	ps_perceptron_f1-micro	ps_perceptron_accuracy	ps_perceptron_time	svm_f1-micro	svm_accuracy	svm_time	ps_svm_f1-micro	ps_svm_accuracy	ps_svm_time	ambient_mlp_f1-micro	ambient_mlp_accuracy	ambient_mlp_time	tangent_mlp_f1-micro	tangent_mlp_accuracy	tangent_mlp_time	ambient_gnn_f1-micro	ambient_gnn_accuracy	ambient_gnn_time	kappa_gcn_f1-micro	kappa_gcn_accuracy	kappa_gcn_time	product_mlr_f1-micro	product_mlr_accuracy	product_mlr_time	signature	seed
0.37	0.37	0.006325721740722656	0.395	0.395	0.5143940448760986	0.305	0.305	0.7546162605285645	0.355	0.355	9.129437685012817	0.33	0.33	0.003422975540161133	0.425	0.425	0.033539533615112305	0.41	0.41	0.22123408317565918	0.175	0.175	0.042072296142578125	0.18	0.18	0.01083683967590332	0.175	0.175	1.6372439861297607	0.275	0.275	9.4915132522583	0.31	0.31	7.185995101928711	0.13	0.13	11.729427814483643	0.18	0.18	26.315212965011597	0.23	0.23	5.073706865310669	HH	0
0.285	0.285	0.005019664764404297	0.35	0.35	0.033042192459106445	0.23	0.23	1.2096316814422607	0.355	0.355	11.42276644706726	0.29	0.29	0.003385305404663086	0.345	0.345	0.03435206413269043	0.375	0.375	0.0038328170776367188	0.17	0.17	0.040520429611206055	0.24	0.24	0.00823831558227539	0.235	0.235	1.5447509288787842	0.38	0.38	8.989742040634155	0.385	0.385	8.009060859680176	0.09	0.09	12.45620059967041	0.09	0.09	23.179276943206787	0.175	0.175	3.6740825176239014	HH	1
0.395	0.395	0.0047075748443603516	0.465	0.465	0.03368544578552246	0.365	0.365	1.1704339981079102	0.36	0.36	9.885511875152588	0.345	0.345	0.005438327789306641	0.465	0.465	0.24792933464050293	0.475	0.475	0.0037529468536376953	0.165	0.165	0.038138628005981445	0.18	0.18	0.016597986221313477	0.215	0.215	2.0918562412261963	0.365	0.365	6.482109785079956	0.405	0.405	8.650493860244751	0.115	0.115	10.238785743713379	0.115	0.115	20.60582184791565	0.26	0.26	4.932154417037964	HH	2
0.345	0.345	0.033878326416015625	0.425	0.425	0.11921310424804688	0.425	0.425	0.8100011348724365	0.43	0.43	6.843184947967529	0.355	0.355	0.003940582275390625	0.49	0.49	0.05663347244262695	0.5	0.5	0.010689496994018555	0.195	0.195	0.015313863754272461	0.26	0.26	0.012681961059570312	0.26	0.26	1.5762219429016113	0.39	0.39	6.892605543136597	0.41	0.41	5.988871812820435	0.26	0.26	11.364978313446045	0.26	0.26	33.02341604232788	0.255	0.255	4.532130002975464	HH	3
0.345	0.345	0.005342960357666016	0.345	0.345	0.5543861389160156	0.345	0.345	0.6520450115203857	0.395	0.395	7.175185203552246	0.375	0.375	0.0033817291259765625	0.43	0.43	0.03445744514465332	0.415	0.415	0.0036666393280029297	0.23	0.23	0.011466264724731445	0.17	0.17	0.00909876823425293	0.17	0.17	1.6019539833068848	0.315	0.315	4.915430068969727	0.29	0.29	5.992061614990234	0.17	0.17	7.497657060623169	0.15	0.15	21.955360174179077	0.245	0.245	4.888432025909424	HH	4
0.365	0.365	0.0047266483306884766	0.41	0.41	0.03168773651123047	0.36	0.36	0.5058813095092773	0.4	0.4	6.19012975692749	0.35	0.35	0.003885507583618164	0.44	0.44	0.06973814964294434	0.445	0.445	0.007648468017578125	0.155	0.155	0.016629695892333984	0.24	0.24	0.008978843688964844	0.23	0.23	2.439785957336426	0.335	0.335	5.825772285461426	0.37	0.37	5.316924810409546	0.155	0.155	10.275507688522339	0.08	0.08	21.299903392791748	0.305	0.305	4.281706809997559	HH	5
0.29	0.29	0.008989095687866211	0.34	0.34	0.507068395614624	0.39	0.39	1.1002693176269531	0.36	0.36	8.776490926742554	0.37	0.37	0.004015684127807617	0.4	0.4	0.23798060417175293	0.395	0.395	0.006263256072998047	0.195	0.195	0.02403545379638672	0.17	0.17	0.025049448013305664	0.16	0.16	2.4908695220947266	0.28	0.28	7.568521976470947	0.32	0.32	7.510770559310913	0.17	0.17	11.44687795639038	0.135	0.135	20.643540859222412	0.22	0.22	4.017977237701416	HH	6
0.33	0.33	0.005572795867919922	0.345	0.345	0.08338046073913574	0.32	0.32	0.8304648399353027	0.375	0.375	6.9304282665252686	0.35	0.35	0.00357818603515625	0.385	0.385	0.033016204833984375	0.39	0.39	0.0035789012908935547	0.175	0.175	0.011170387268066406	0.22	0.22	0.006602048873901367	0.225	0.225	1.5184071063995361	0.365	0.365	4.751873016357422	0.355	0.355	8.80756163597107	0.075	0.075	12.329569816589355	0.22	0.22	20.606783628463745	0.255	0.255	4.22780179977417	HH	7
0.395	0.395	0.005594491958618164	0.45	0.45	0.06076693534851074	0.335	0.335	0.6879432201385498	0.44	0.44	5.4347100257873535	0.37	0.37	0.003939151763916016	0.465	0.465	0.07187819480895996	0.435	0.435	0.008598804473876953	0.17	0.17	0.02735614776611328	0.325	0.325	0.009110212326049805	0.315	0.315	3.912008047103882	0.39	0.39	11.548203945159912	0.455	0.455	13.561723470687866	0.17	0.17	10.323693752288818	0.17	0.17	27.615410089492798	0.27	0.27	4.038459539413452	HH	8
0.315	0.315	0.005095481872558594	0.38	0.38	0.03644275665283203	0.32	0.32	0.4914078712463379	0.39	0.39	5.1782567501068115	0.335	0.335	0.004083871841430664	0.38	0.38	0.26230573654174805	0.405	0.405	0.003725767135620117	0.22	0.22	0.058824777603149414	0.16	0.16	0.05747365951538086	0.155	0.155	1.9407784938812256	0.305	0.305	6.45399284362793	0.36	0.36	6.194301605224609	0.085	0.085	8.490596055984497	0.16	0.16	21.90249466896057	0.3	0.3	3.676210641860962	HH	9
0.305	0.305	0.008185625076293945	0.38	0.38	0.06628894805908203	0.315	0.315	0.689464807510376	0.36	0.36	6.682549953460693	0.29	0.29	0.0042476654052734375	0.46	0.46	0.09509682655334473	0.455	0.455	0.006921291351318359	0.285	0.285	0.021639585494995117	0.19	0.19	0.013060808181762695	0.1	0.1	1.6723911762237549	0.38	0.38	7.9181952476501465	0.36	0.36	6.9498772621154785	0.11	0.11	7.781315326690674	0.11	0.11	31.76980471611023	0.35	0.35	3.6291048526763916	HE	10
0.29	0.29	0.007681131362915039	0.345	0.345	0.4180891513824463	0.26	0.26	0.8289444446563721	0.355	0.355	8.802944660186768	0.285	0.285	0.0037763118743896484	0.335	0.335	0.07118821144104004	0.315	0.315	0.020182371139526367	0.13	0.13	0.18062114715576172	0.13	0.13	0.011104583740234375	0.075	0.075	2.7321255207061768	0.23	0.23	9.386413097381592	0.25	0.25	9.780612468719482	0.13	0.13	9.179028987884521	0.13	0.13	19.38762903213501	0.225	0.225	2.392920970916748	HE	11
0.245	0.245	0.004060268402099609	0.34	0.34	0.03285527229309082	0.295	0.295	0.5005526542663574	0.355	0.355	9.62641453742981	0.28	0.28	0.003262758255004883	0.315	0.315	0.03519892692565918	0.37	0.37	0.0034301280975341797	0.215	0.215	0.0379643440246582	0.26	0.26	0.00775146484375	0.115	0.115	1.5973916053771973	0.29	0.29	8.78058671951294	0.265	0.265	9.447176694869995	0.18	0.18	9.868008852005005	0.26	0.26	24.552597522735596	0.265	0.265	5.375662803649902	HE	12
0.3	0.3	0.0047991275787353516	0.29	0.29	0.9154102802276611	0.32	0.32	1.3124663829803467	0.325	0.325	9.603209018707275	0.29	0.29	0.004194498062133789	0.31	0.31	0.13665270805358887	0.37	0.37	0.006948232650756836	0.165	0.165	0.014021873474121094	0.19	0.19	0.011435508728027344	0.18	0.18	1.9419152736663818	0.285	0.285	6.8148109912872314	0.3	0.3	9.335395336151123	0.19	0.19	13.107358932495117	0.19	0.19	18.35653066635132	0.225	0.225	3.333819627761841	HE	13
0.37	0.37	0.0050754547119140625	0.395	0.395	0.2661285400390625	0.32	0.32	0.7401752471923828	0.395	0.395	5.529880523681641	0.38	0.38	0.004022121429443359	0.415	0.415	0.26073408126831055	0.435	0.435	0.02626943588256836	0.135	0.135	0.030024290084838867	0.085	0.085	0.022004127502441406	0.07	0.07	2.5288684368133545	0.425	0.425	5.157777786254883	0.39	0.39	5.973017930984497	0.19	0.19	7.544023513793945	0.23	0.23	18.690215349197388	0.335	0.335	4.420545816421509	HE	14
0.345	0.345	0.0039751529693603516	0.355	0.355	0.03639554977416992	0.33	0.33	0.47717905044555664	0.415	0.415	5.9494948387146	0.33	0.33	0.0038483142852783203	0.43	0.43	0.0696709156036377	0.425	0.425	0.006751060485839844	0.25	0.25	0.02736520767211914	0.095	0.095	0.024532794952392578	0.095	0.095	2.5518763065338135	0.345	0.345	6.198413848876953	0.39	0.39	5.105936050415039	0.21	0.21	10.550873517990112	0.215	0.215	26.666688203811646	0.25	0.25	4.231262683868408	HE	15
0.375	0.375	0.004937648773193359	0.39	0.39	0.10401797294616699	0.375	0.375	0.6011660099029541	0.425	0.425	7.638092517852783	0.38	0.38	0.005667209625244141	0.435	0.435	0.6099858283996582	0.46	0.46	0.007104396820068359	0.18	0.18	0.035958290100097656	0.22	0.22	0.009418010711669922	0.04	0.04	3.141080379486084	0.295	0.295	7.795453310012817	0.305	0.305	5.3806257247924805	0.11	0.11	8.716599464416504	0.22	0.22	18.627200841903687	0.26	0.26	3.884679079055786	HE	16
0.28	0.28	0.00403904914855957	0.385	0.385	0.03391242027282715	0.335	0.335	1.0750572681427002	0.355	0.355	10.623390674591064	0.27	0.27	0.003220081329345703	0.4	0.4	0.03456521034240723	0.37	0.37	0.003496885299682617	0.215	0.215	0.037775516510009766	0.21	0.21	0.006865978240966797	0.08	0.08	1.564122200012207	0.265	0.265	9.044575214385986	0.25	0.25	9.571406126022339	0.075	0.075	9.662698984146118	0.21	0.21	31.611446142196655	0.25	0.25	5.050988435745239	HE	17
0.32	0.32	0.0052907466888427734	0.285	0.285	0.09803366661071777	0.255	0.255	0.7178785800933838	0.345	0.345	6.845980405807495	0.305	0.305	0.004399299621582031	0.31	0.31	0.4678456783294678	0.315	0.315	0.00860905647277832	0.15	0.15	0.02464771270751953	0.07	0.07	0.01842808723449707	0.105	0.105	2.686652898788452	0.275	0.275	11.135334253311157	0.26	0.26	9.85878586769104	0.075	0.075	11.26585078239441	0.185	0.185	26.74340558052063	0.225	0.225	4.598658323287964	HE	18
0.41	0.41	0.0046880245208740234	0.52	0.52	0.04619860649108887	0.415	0.415	0.7517352104187012	0.47	0.47	7.032077074050903	0.395	0.395	0.0037288665771484375	0.515	0.515	0.06810879707336426	0.5	0.5	0.0055849552154541016	0.195	0.195	0.030585527420043945	0.145	0.145	0.02026081085205078	0.195	0.195	2.4736156463623047	0.515	0.515	6.6184892654418945	0.51	0.51	6.983379364013672	0.145	0.145	9.40394902229309	0.145	0.145	18.332473039627075	0.34	0.34	3.71498966217041	HE	19
0.315	0.315	0.005782365798950195	0.325	0.325	0.23892474174499512	0.305	0.305	0.9206323623657227	0.37	0.37	5.9460413455963135	0.235	0.235	0.0031890869140625	0.365	0.365	0.03190779685974121	0.315	0.315	0.0032660961151123047	0.16	0.16	0.012371540069580078	0.2	0.2	0.006455183029174805	0.2	0.2	1420.6860461235046	0.285	0.285	6.891834735870361	0.32	0.32	4.711983680725098	0.2	0.2	15.153151273727417	0.22	0.22	32.81560277938843	0.275	0.275	3.7121670246124268	HS	20
0.39	0.39	0.0050449371337890625	0.485	0.485	0.03198957443237305	0.305	0.305	0.6013936996459961	0.42	0.42	7.53110671043396	0.35	0.35	0.004148721694946289	0.445	0.445	0.4153785705566406	0.41	0.41	0.02562999725341797	0.24	0.24	0.01612377166748047	0.24	0.24	0.01628398895263672	0.24	0.24	1469.9819679260254	0.375	0.375	8.21618366241455	0.36	0.36	9.537643909454346	0.015	0.015	11.441875457763672	0.24	0.24	31.302851676940918	0.28	0.28	5.803629636764526	HS	21
0.365	0.365	0.007845163345336914	0.485	0.485	0.3043694496154785	0.375	0.375	0.5599808692932129	0.39	0.39	7.288629531860352	0.4	0.4	0.004134654998779297	0.475	0.475	0.05383157730102539	0.495	0.495	0.006661653518676758	0.25	0.25	0.08928489685058594	0.225	0.225	0.008721113204956055	0.225	0.225	1728.7866792678833	0.45	0.45	8.388849258422852	0.42	0.42	7.069872617721558	0.115	0.115	12.04617166519165	0.115	0.115	30.878253698349	0.375	0.375	4.685373067855835	HS	22
0.305	0.305	0.005469799041748047	0.315	0.315	0.04280805587768555	0.295	0.295	1.3621625900268555	0.35	0.35	8.947532892227173	0.33	0.33	0.003999233245849609	0.325	0.325	0.04730343818664551	0.33	0.33	0.004126310348510742	0.185	0.185	0.012739181518554688	0.195	0.195	0.009853839874267578	0.195	0.195	1369.4659388065338	0.3	0.3	6.95752739906311	0.355	0.355	6.219108581542969	0.095	0.095	8.562383890151978	0.12	0.12	22.693131685256958	0.21	0.21	4.041894197463989	HS	23
0.235	0.235	0.008798837661743164	0.32	0.32	0.06268954277038574	0.265	0.265	0.8888435363769531	0.33	0.33	6.421733617782593	0.305	0.305	0.003201007843017578	0.365	0.365	0.03457212448120117	0.315	0.315	0.003156900405883789	0.2	0.2	0.011659622192382812	0.205	0.205	0.006675004959106445	0.205	0.205	1849.0636382102966	0.25	0.25	7.309467554092407	0.305	0.305	5.593388080596924	0.185	0.185	7.833133935928345	0.14	0.14	24.04126238822937	0.23	0.23	3.8505563735961914	HS	24
0.345	0.345	0.00880742073059082	0.435	0.435	0.08113455772399902	0.355	0.355	0.6410617828369141	0.385	0.385	6.214233160018921	0.33	0.33	0.003966093063354492	0.46	0.46	0.10790681838989258	0.465	0.465	0.0035028457641601562	0.315	0.315	0.026211977005004883	0.3	0.3	0.015247344970703125	0.3	0.3	1342.456844329834	0.43	0.43	6.458590745925903	0.435	0.435	6.754817962646484	0.09	0.09	11.420437574386597	0.095	0.095	48.38575863838196	0.185	0.185	5.184734344482422	HS	25
0.275	0.275	0.013864517211914062	0.33	0.33	0.07400131225585938	0.29	0.29	0.7770533561706543	0.325	0.325	7.166219234466553	0.33	0.33	0.004230022430419922	0.335	0.335	0.06731629371643066	0.325	0.325	0.007581472396850586	0.2	0.2	0.013158082962036133	0.26	0.26	0.009183406829833984	0.26	0.26	1209.843215227127	0.33	0.33	9.177262544631958	0.325	0.325	7.127791166305542	0.055	0.055	10.822000503540039	0.26	0.26	30.696139097213745	0.275	0.275	4.125010251998901	HS	26
0.37	0.37	0.015062093734741211	0.41	0.41	0.07116007804870605	0.355	0.355	0.9198462963104248	0.355	0.355	7.243769407272339	0.33	0.33	0.0038046836853027344	0.415	0.415	0.06682538986206055	0.41	0.41	0.007090330123901367	0.145	0.145	0.03790736198425293	0.25	0.25	0.019626855850219727	0.25	0.25	1344.568526983261	0.42	0.42	10.647915601730347	0.395	0.395	7.809286117553711	0.205	0.205	10.532403469085693	0.155	0.155	29.64357352256775	0.3	0.3	3.688518762588501	HS	27
0.295	0.295	0.004494428634643555	0.335	0.335	0.03610682487487793	0.275	0.275	1.152946949005127	0.28	0.28	12.092117309570312	0.29	0.29	0.003988981246948242	0.315	0.315	0.07234597206115723	0.355	0.355	0.009407520294189453	0.18	0.18	0.07894301414489746	0.23	0.23	0.019017696380615234	0.23	0.23	1038.6072745323181	0.32	0.32	6.23740291595459	0.285	0.285	8.31132435798645	0.055	0.055	8.617830276489258	0.23	0.23	23.782108306884766	0.215	0.215	4.759752511978149	HS	28
0.34	0.34	0.004818439483642578	0.36	0.36	0.03255796432495117	0.29	0.29	1.1505372524261475	0.33	0.33	11.44764757156372	0.31	0.31	0.003401041030883789	0.42	0.42	0.03317737579345703	0.37	0.37	0.003953456878662109	0.295	0.295	0.037573814392089844	0.275	0.275	0.0065364837646484375	0.275	0.275	1114.2347695827484	0.275	0.275	9.002492427825928	0.355	0.355	8.111028909683228	0.085	0.085	19.812775135040283	0.275	0.275	42.37430000305176	0.245	0.245	5.468490362167358	HS	29
0.325	0.325	0.006332874298095703	0.385	0.385	0.12803387641906738	0.295	0.295	0.9249897003173828	0.295	0.295	11.631035804748535	0.305	0.305	0.004025697708129883	0.365	0.365	0.08470702171325684	0.32	0.32	0.003995180130004883	0.255	0.255	0.04049396514892578	0.18	0.18	0.009320974349975586	0.18	0.18	1513.2520611286163	0.335	0.335	8.721972703933716	0.19	0.19	9.024879217147827	0.16	0.16	8.33355975151062	0.16	0.16	31.725178480148315	0.285	0.285	3.6543679237365723	SS	30
0.31	0.31	0.011984825134277344	0.325	0.325	0.25441646575927734	0.29	0.29	0.7438521385192871	0.32	0.32	6.821908473968506	0.32	0.32	0.003950357437133789	0.335	0.335	0.07588076591491699	0.345	0.345	0.0051233768463134766	0.25	0.25	0.02036285400390625	0.23	0.23	0.0088958740234375				0.28	0.28	7.659420728683472	0.225	0.225	6.057762861251831	0.11	0.11	7.604812383651733	0.23	0.23	29.85919499397278	0.265	0.265	4.032799243927002	SS	31
0.295	0.295	0.004916191101074219	0.34	0.34	0.03485369682312012	0.305	0.305	0.43852782249450684	0.335	0.335	4.331275224685669	0.295	0.295	0.003604888916015625	0.375	0.375	0.037993669509887695	0.395	0.395	0.0028989315032958984	0.285	0.285	0.011677026748657227	0.29	0.29	0.006048440933227539	0.29	0.29	1454.4622983932495	0.37	0.37	7.773435831069946	0.345	0.345	7.405059576034546	0.195	0.195	10.623223543167114	0.115	0.115	20.177331924438477	0.315	0.315	4.937065362930298	SS	32
0.245	0.245	0.0047457218170166016	0.42	0.42	0.0343477725982666	0.29	0.29	0.4679067134857178	0.345	0.345	4.662243843078613	0.335	0.335	0.0033464431762695312	0.37	0.37	0.03388524055480957	0.385	0.385	0.0029497146606445312	0.24	0.24	0.011416912078857422	0.2	0.2	0.006203651428222656	0.2	0.2	624.7638790607452	0.37	0.37	4.78361701965332	0.27	0.27	4.779126882553101	0.14	0.14	9.766730785369873	0.2	0.2	27.720429182052612	0.245	0.245	4.8849310874938965	SS	33
0.31	0.31	0.004870414733886719	0.355	0.355	0.03345322608947754	0.25	0.25	1.1707017421722412	0.3	0.3	8.231542587280273	0.335	0.335	0.003251791000366211	0.355	0.355	0.03318285942077637	0.34	0.34	0.0029745101928710938	0.24	0.24	0.011896610260009766	0.21	0.21	0.006369113922119141	0.21	0.21	349.4780993461609	0.28	0.28	4.689142227172852	0.33	0.33	4.756920099258423	0.15	0.15	8.507445573806763	0.21	0.21	27.754017114639282	0.32	0.32	4.861360549926758	SS	34
0.365	0.365	0.004771709442138672	0.425	0.425	0.03418254852294922	0.31	0.31	1.1382160186767578	0.375	0.375	6.851299285888672	0.415	0.415	0.0033731460571289062	0.415	0.415	0.03603029251098633	0.425	0.425	0.0030927658081054688	0.24	0.24	0.011620044708251953	0.21	0.21	0.006308317184448242	0.21	0.21	344.6821458339691	0.365	0.365	5.334131717681885	0.33	0.33	4.565800666809082	0.14	0.14	6.6025214195251465	0.12	0.12	26.801148891448975	0.12	0.12	4.7275025844573975	SS	35
0.32	0.32	0.004365444183349609	0.35	0.35	0.03612232208251953	0.305	0.305	1.1754908561706543	0.375	0.375	11.26984190940857	0.265	0.265	0.0036733150482177734	0.355	0.355	0.034163475036621094	0.35	0.35	0.0036787986755371094	0.285	0.285	0.037390708923339844	0.265	0.265	0.006052494049072266	0.265	0.265	338.0041346549988	0.325	0.325	5.360839605331421	0.3	0.3	8.390624046325684	0.095	0.095	12.466624736785889	0.095	0.095	26.296584129333496	0.255	0.255	4.6817381381988525	SS	36
0.305	0.305	0.005195140838623047	0.3	0.3	0.033934593200683594	0.315	0.315	0.5075573921203613	0.335	0.335	4.63779354095459	0.23	0.23	0.0032739639282226562	0.34	0.34	0.03605794906616211	0.305	0.305	0.002748727798461914	0.24	0.24	0.011123895645141602	0.165	0.165	0.0071675777435302734	0.165	0.165	359.7328944206238	0.27	0.27	7.4094626903533936	0.34	0.34	6.6448814868927	0.18	0.18	8.76630711555481	0.115	0.115	21.90497660636902	0.305	0.305	5.075917720794678	SS	37
0.39	0.39	0.00495147705078125	0.435	0.435	0.03660702705383301	0.34	0.34	0.46660733222961426	0.39	0.39	4.42527174949646	0.395	0.395	0.0031464099884033203	0.425	0.425	0.03415656089782715	0.395	0.395	0.0029468536376953125	0.135	0.135	0.010944604873657227	0.205	0.205	0.0062372684478759766	0.205	0.205	349.897775888443	0.385	0.385	8.399773359298706	0.295	0.295	8.867042064666748	0.085	0.085	12.231215953826904	0.205	0.205	21.136207103729248	0.325	0.325	4.921097278594971	SS	38
0.285	0.285	0.004633903503417969	0.385	0.385	0.033750295639038086	0.305	0.305	0.48258423805236816	0.355	0.355	4.678661584854126	0.27	0.27	0.003249645233154297	0.335	0.335	0.0321202278137207	0.41	0.41	0.0029249191284179688	0.23	0.23	0.011821985244750977	0.21	0.21	0.006180286407470703	0.21	0.21	365.0752136707306	0.355	0.355	4.624483108520508	0.335	0.335	4.569986820220947	0.08	0.08	6.472124814987183	0.21	0.21	20.590430736541748	0.21	0.21	4.672259569168091	SS	39
0.265	0.265	0.005012035369873047	0.33	0.33	0.07093358039855957	0.29	0.29	1.1893601417541504	0.355	0.355	10.71135687828064	0.285	0.285	0.003679990768432617	0.33	0.33	0.03274822235107422	0.425	0.425	0.0033643245697021484	0.305	0.305	0.03686928749084473	0.11	0.11	0.006741762161254883	0.2	0.2	183.14597177505493	0.33	0.33	5.0487940311431885	0.33	0.33	4.9285993576049805	0.12	0.12	11.417164087295532	0.12	0.12	20.66917371749878	0.29	0.29	3.712618350982666	SE	40
0.335	0.335	0.003981828689575195	0.325	0.325	0.03373241424560547	0.275	0.275	1.1299402713775635	0.33	0.33	11.028838634490967	0.26	0.26	0.0033125877380371094	0.33	0.33	0.03203082084655762	0.34	0.34	0.0035414695739746094	0.265	0.265	0.04025411605834961	0.135	0.135	0.007309675216674805	0.155	0.155	199.94395542144775	0.365	0.365	4.7624030113220215	0.33	0.33	6.147141933441162	0.06	0.06	10.01591181755066	0.045	0.045	21.522330284118652	0.245	0.245	4.028922080993652	SE	41
0.305	0.305	0.0041272640228271484	0.325	0.325	0.033794403076171875	0.23	0.23	1.2930514812469482	0.285	0.285	11.411383867263794	0.285	0.285	0.0032968521118164062	0.295	0.295	0.04534602165222168	0.325	0.325	0.0028908252716064453	0.28	0.28	0.013012409210205078	0.135	0.135	0.0069882869720458984	0.13	0.13	172.64618015289307	0.32	0.32	6.608004093170166	0.27	0.27	8.57784366607666	0.165	0.165	8.755106449127197	0.235	0.235	21.35556435585022	0.17	0.17	3.7944223880767822	SE	42
0.33	0.33	0.0044040679931640625	0.39	0.39	0.035102128982543945	0.275	0.275	1.1929748058319092	0.365	0.365	10.989678621292114	0.29	0.29	0.003164052963256836	0.35	0.35	0.03351140022277832	0.395	0.395	0.003306865692138672	0.21	0.21	0.04076194763183594	0.14	0.14	0.007266998291015625	0.18	0.18	177.57196521759033	0.32	0.32	4.980093002319336	0.34	0.34	8.774021863937378	0.125	0.125	12.356342315673828	0.125	0.125	21.71479296684265	0.31	0.31	3.352689266204834	SE	43
0.325	0.325	0.003946065902709961	0.41	0.41	0.0302584171295166	0.3	0.3	1.203385829925537	0.335	0.335	11.150655269622803	0.265	0.265	0.0031280517578125	0.395	0.395	0.031672000885009766	0.38	0.38	0.0029931068420410156	0.21	0.21	0.011707067489624023	0.005	0.005	0.006979942321777344	0.095	0.095	155.05370211601257	0.34	0.34	4.83854079246521	0.28	0.28	4.893438100814819	0.1	0.1	6.840837478637695	0.305	0.305	19.224790811538696	0.1	0.1	3.846006155014038	SE	44
0.33	0.33	0.0041294097900390625	0.325	0.325	0.03295254707336426	0.27	0.27	1.066211223602295	0.335	0.335	10.497574090957642	0.265	0.265	0.003266572952270508	0.325	0.325	0.03263688087463379	0.315	0.315	0.003338336944580078	0.175	0.175	0.03992342948913574	0.005	0.005	0.007065773010253906	0.115	0.115	172.9818150997162	0.245	0.245	4.911369800567627	0.25	0.25	4.845626592636108	0.155	0.155	6.785451173782349	0.16	0.16	16.5343074798584	0.265	0.265	4.308304071426392	SE	45
0.31	0.31	0.0041332244873046875	0.3	0.3	0.04315543174743652	0.23	0.23	0.48450613021850586	0.32	0.32	7.119053602218628	0.28	0.28	0.0032749176025390625	0.305	0.305	0.03297257423400879	0.305	0.305	0.0032312870025634766	0.215	0.215	0.03910255432128906	0.265	0.265	0.007536411285400391	0.135	0.135	204.22093057632446	0.3	0.3	8.70594072341919	0.305	0.305	8.819623231887817	0.265	0.265	8.51132845878601	0.265	0.265	21.079142808914185	0.245	0.245	3.4615423679351807	SE	46
0.305	0.305	0.003947734832763672	0.34	0.34	0.03299355506896973	0.28	0.28	1.1613924503326416	0.265	0.265	10.899587869644165	0.255	0.255	0.003231525421142578	0.345	0.345	0.03427386283874512	0.335	0.335	0.003322124481201172	0.32	0.32	0.03698396682739258	0.18	0.18	0.007491111755371094	0.225	0.225	181.95361876487732	0.33	0.33	5.103601932525635	0.305	0.305	4.8873090744018555	0.095	0.095	9.102022409439087	0.11	0.11	21.47798728942871	0.235	0.235	3.876697301864624	SE	47
0.275	0.275	0.004308223724365234	0.345	0.345	0.03268623352050781	0.275	0.275	1.1245753765106201	0.31	0.31	10.787188291549683	0.29	0.29	0.0031206607818603516	0.345	0.345	0.03277230262756348	0.365	0.365	0.002788543701171875	0.235	0.235	0.010809898376464844	0.15	0.15	0.008716344833374023	0.125	0.125	202.46445155143738	0.31	0.31	8.79699182510376	0.3	0.3	9.096303224563599	0.135	0.135	9.660892248153687	0.12	0.12	19.86704182624817	0.095	0.095	4.367081165313721	SE	48
0.26	0.26	0.004089832305908203	0.39	0.39	0.03375363349914551	0.335	0.335	0.4722890853881836	0.37	0.37	4.484923362731934	0.3	0.3	0.0034513473510742188	0.38	0.38	0.034137725830078125	0.43	0.43	0.002708911895751953	0.33	0.33	0.010650157928466797	0.08	0.08	0.0065386295318603516	0.12	0.12	186.58677673339844	0.375	0.375	5.593079090118408	0.445	0.445	7.566797971725464	0.08	0.08	11.306647539138794	0.26	0.26	20.027145624160767	0.32	0.32	4.343388080596924	SE	49
0.34	0.34	0.004122018814086914	0.35	0.35	0.0345914363861084	0.395	0.395	0.4577291011810303	0.46	0.46	4.173736810684204	0.38	0.38	0.003095388412475586	0.415	0.415	0.03313088417053223	0.47	0.47	0.003113269805908203	0.155	0.155	0.010987043380737305	0.155	0.155	0.0067462921142578125	0.16	0.16	1.387291431427002	0.3	0.3	4.954613924026489	0.36	0.36	4.8155786991119385	0.105	0.105	6.720698118209839	0.145	0.145	8.79286813735962	0.16	0.16	2.998429775238037	H	50
0.415	0.415	0.0038156509399414062	0.42	0.42	0.03489327430725098	0.445	0.445	0.4473247528076172	0.5	0.5	4.0584375858306885	0.44	0.44	0.0034084320068359375	0.485	0.485	0.032874345779418945	0.495	0.495	0.0029747486114501953	0.14	0.14	0.01141810417175293	0.14	0.14	0.0068013668060302734	0.135	0.135	1.6340250968933105	0.3	0.3	8.555235385894775	0.4	0.4	9.170075178146362	0.13	0.13	11.772427320480347	0.14	0.14	13.634068727493286	0.245	0.245	2.3960037231445312	H	51
0.32	0.32	0.003928661346435547	0.375	0.375	0.032974958419799805	0.385	0.385	0.9924771785736084	0.425	0.425	5.318107843399048	0.34	0.34	0.003824472427368164	0.415	0.415	0.1244351863861084	0.37	0.37	0.002995014190673828	0.105	0.105	0.01808905601501465	0.175	0.175	0.011427640914916992	0.175	0.175	1.9943156242370605	0.335	0.335	9.509896516799927	0.36	0.36	9.565371751785278	0.14	0.14	11.263904809951782	0.105	0.105	11.822398900985718	0.26	0.26	2.102125406265259	H	52
0.285	0.285	0.004526853561401367	0.375	0.375	0.09480810165405273	0.335	0.335	0.7823524475097656	0.38	0.38	9.971953630447388	0.375	0.375	0.0034580230712890625	0.415	0.415	0.04419755935668945	0.435	0.435	0.0029714107513427734	0.14	0.14	0.03709268569946289	0.18	0.18	0.0066754817962646484	0.18	0.18	1.4066402912139893	0.305	0.305	8.95165729522705	0.305	0.305	9.173776626586914	0.18	0.18	11.939146280288696	0.18	0.18	11.85346531867981	0.215	0.215	2.5071356296539307	H	53
0.4	0.4	0.003711700439453125	0.435	0.435	0.034067630767822266	0.445	0.445	0.9567484855651855	0.495	0.495	9.260315179824829	0.395	0.395	0.0030260086059570312	0.46	0.46	0.0341801643371582	0.49	0.49	0.003186941146850586	0.16	0.16	0.03730320930480957	0.175	0.175	0.007036924362182617	0.18	0.18	1.3187446594238281	0.295	0.295	8.973901510238647	0.45	0.45	9.356664180755615	0.115	0.115	9.186674356460571	0.115	0.115	12.276096820831299	0.255	0.255	2.5560414791107178	H	54
0.285	0.285	0.004270076751708984	0.405	0.405	0.034108877182006836	0.36	0.36	1.0342204570770264	0.48	0.48	9.523810625076294	0.37	0.37	0.00345611572265625	0.47	0.47	0.03414559364318848	0.415	0.415	0.003193378448486328	0.095	0.095	0.03950834274291992	0.3	0.3	0.006489276885986328	0.3	0.3	1.409860610961914	0.42	0.42	8.534413814544678	0.36	0.36	6.652090072631836	0.17	0.17	9.149650573730469	0.185	0.185	10.453661918640137	0.275	0.275	2.161068916320801	H	55
0.335	0.335	0.0040130615234375	0.385	0.385	0.032895565032958984	0.395	0.395	0.9681918621063232	0.485	0.485	9.621504545211792	0.4	0.4	0.0034639835357666016	0.505	0.505	0.033446550369262695	0.475	0.475	0.0031986236572265625	0.15	0.15	0.03716397285461426	0.23	0.23	0.0068242549896240234	0.23	0.23	1.3815741539001465	0.345	0.345	9.039132356643677	0.36	0.36	9.424710988998413	0.145	0.145	9.370089054107666	0.145	0.145	11.895798683166504	0.355	0.355	2.622821092605591	H	56
0.31	0.31	0.004049539566040039	0.375	0.375	0.03661227226257324	0.39	0.39	1.1416540145874023	0.435	0.435	10.364043951034546	0.35	0.35	0.003164529800415039	0.395	0.395	0.03197336196899414	0.43	0.43	0.0032842159271240234	0.135	0.135	0.0378875732421875	0.195	0.195	0.007243633270263672	0.175	0.175	1.3124277591705322	0.28	0.28	5.540397644042969	0.4	0.4	7.772407293319702	0.105	0.105	8.64458703994751	0.105	0.105	10.94620418548584	0.225	0.225	2.573559284210205	H	57
0.39	0.39	0.0037794113159179688	0.505	0.505	0.03371715545654297	0.375	0.375	0.9122440814971924	0.5	0.5	9.007980108261108	0.46	0.46	0.00337982177734375	0.52	0.52	0.03371930122375488	0.51	0.51	0.003100156784057617	0.11	0.11	0.03998446464538574	0.43	0.43	0.005873203277587891	0.43	0.43	1.4793338775634766	0.42	0.42	9.226385831832886	0.47	0.47	7.805481195449829	0.43	0.43	8.954850196838379	0.125	0.125	10.779212474822998	0.445	0.445	2.5323476791381836	H	58
0.3	0.3	0.004004955291748047	0.425	0.425	0.03305625915527344	0.36	0.36	1.1033005714416504	0.465	0.465	10.033110857009888	0.38	0.38	0.0032410621643066406	0.41	0.41	0.03638505935668945	0.45	0.45	0.0033905506134033203	0.18	0.18	0.03980660438537598	0.295	0.295	0.0066564083099365234	0.295	0.295	1.3722965717315674	0.265	0.265	9.022064685821533	0.385	0.385	9.072589874267578	0.095	0.095	9.498334169387817	0.295	0.295	11.36087703704834	0.32	0.32	2.633936882019043	H	59
0.235	0.235	0.0033769607543945312	0.285	0.285	0.034734249114990234	0.28	0.28	1.1431775093078613	0.335	0.335	10.883779287338257	0.275	0.275	0.0032868385314941406	0.285	0.285	0.0325772762298584	0.36	0.36	0.002959728240966797	0.255	0.255	0.055974483489990234	0.105	0.105	0.008862018585205078	0.11	0.11	1.3023185729980469	0.25	0.25	9.199758052825928	0.235	0.235	8.97165846824646	0.225	0.225	9.165032863616943	0.15	0.15	10.507463693618774	0.22	0.22	1.4365978240966797	E	60
0.325	0.325	0.0033140182495117188	0.395	0.395	0.03525590896606445	0.35	0.35	1.08412504196167	0.39	0.39	10.629382848739624	0.32	0.32	0.0032036304473876953	0.395	0.395	0.03458094596862793	0.375	0.375	0.003145456314086914	0.255	0.255	0.03968334197998047	0.245	0.245	0.009793281555175781	0.115	0.115	1.340590238571167	0.335	0.335	9.044156551361084	0.26	0.26	8.702864170074463	0.245	0.245	8.940372705459595	0.245	0.245	9.789912223815918	0.255	0.255	1.8000435829162598	E	61
0.325	0.325	0.0038263797760009766	0.355	0.355	0.03640389442443848	0.26	0.26	1.1604301929473877	0.315	0.315	11.918256521224976	0.31	0.31	0.0033349990844726562	0.355	0.355	0.03361845016479492	0.335	0.335	0.0030584335327148438	0.195	0.195	0.03839445114135742	0.11	0.11	0.010432243347167969	0.12	0.12	1.3247780799865723	0.27	0.27	8.589354038238525	0.3	0.3	7.697979688644409	0.22	0.22	10.118299722671509	0.11	0.11	11.825906038284302	0.26	0.26	1.7911090850830078	E	62
0.31	0.31	0.003537416458129883	0.365	0.365	0.03351020812988281	0.295	0.295	1.212045669555664	0.31	0.31	11.54784083366394	0.305	0.305	0.004228830337524414	0.365	0.365	0.312943696975708	0.395	0.395	0.002544879913330078	0.18	0.18	0.0428769588470459	0.155	0.155	0.07561039924621582	0.155	0.155	2.1355388164520264	0.265	0.265	7.150202751159668	0.225	0.225	8.317821025848389	0.155	0.155	9.413024187088013	0.12	0.12	12.306625366210938	0.195	0.195	1.8351562023162842	E	63
0.29	0.29	0.0036072731018066406	0.345	0.345	0.033539772033691406	0.3	0.3	1.1580476760864258	0.33	0.33	11.280620336532593	0.285	0.285	0.0042803287506103516	0.345	0.345	0.11483955383300781	0.305	0.305	0.0025479793548583984	0.2	0.2	0.049251556396484375	0.07	0.07	0.012707948684692383	0.13	0.13	1.7669825553894043	0.265	0.265	6.656356334686279	0.24	0.24	7.516646862030029	0.07	0.07	11.600265741348267	0.23	0.23	10.162402391433716	0.245	0.245	1.5957226753234863	E	64
0.335	0.335	0.0036399364471435547	0.415	0.415	0.03345537185668945	0.345	0.345	1.1050357818603516	0.365	0.365	10.341300249099731	0.335	0.335	0.0044307708740234375	0.415	0.415	0.0902719497680664	0.385	0.385	0.002839803695678711	0.345	0.345	0.028738021850585938	0.335	0.335	0.011202096939086914	0.065	0.065	1.7585868835449219	0.42	0.42	5.987238883972168	0.405	0.405	9.460617780685425	0.095	0.095	9.141084432601929	0.095	0.095	12.41110873222351	0.375	0.375	2.0309884548187256	E	65
0.285	0.285	0.003692150115966797	0.385	0.385	0.032877445220947266	0.335	0.335	1.1417930126190186	0.325	0.325	10.986488103866577	0.275	0.275	0.004500389099121094	0.385	0.385	0.12756586074829102	0.35	0.35	0.0041751861572265625	0.21	0.21	0.012717247009277344	0.165	0.165	0.011710166931152344	0.095	0.095	2.051222562789917	0.315	0.315	6.811524391174316	0.34	0.34	8.649332284927368	0.165	0.165	12.644521713256836	0.26	0.26	12.901095390319824	0.355	0.355	2.4491333961486816	E	66
0.28	0.28	0.0034775733947753906	0.27	0.27	0.03551077842712402	0.245	0.245	1.1959738731384277	0.3	0.3	9.469768047332764	0.29	0.29	0.004206418991088867	0.27	0.27	0.10410785675048828	0.365	0.365	0.0026140213012695312	0.21	0.21	0.02386951446533203	0.165	0.165	0.03098583221435547	0.155	0.155	2.0240726470947266	0.275	0.275	8.24499249458313	0.25	0.25	9.178929090499878	0.06	0.06	9.30161738395691	0.195	0.195	9.461975812911987	0.265	0.265	1.813520908355713	E	67
0.33	0.33	0.003893613815307617	0.41	0.41	0.033972740173339844	0.32	0.32	1.1389355659484863	0.435	0.435	8.87717604637146	0.305	0.305	0.0038340091705322266	0.41	0.41	0.03418731689453125	0.42	0.42	0.0030999183654785156	0.4	0.4	0.03988528251647949	0.135	0.135	0.008262395858764648	0.14	0.14	1.3955132961273193	0.39	0.39	5.591374158859253	0.405	0.405	5.590444803237915	0.145	0.145	7.75678014755249	0.145	0.145	7.9271910190582275	0.325	0.325	1.414447546005249	E	68
0.29	0.29	0.003258943557739258	0.37	0.37	0.03356432914733887	0.3	0.3	1.0742602348327637	0.375	0.375	10.654781579971313	0.27	0.27	0.003218412399291992	0.37	0.37	0.03358101844787598	0.36	0.36	0.0028505325317382812	0.225	0.225	0.041715145111083984	0.155	0.155	0.009225845336914062	0.14	0.14	1.5734350681304932	0.3	0.3	5.8316192626953125	0.335	0.335	5.563325881958008	0.12	0.12	11.50571894645691	0.12	0.12	12.190993309020996	0.3	0.3	1.7360138893127441	E	69
0.285	0.285	0.004215717315673828	0.345	0.345	0.03437495231628418	0.245	0.245	1.2186381816864014	0.305	0.305	11.370897769927979	0.25	0.25	0.00554656982421875	0.34	0.34	0.08069777488708496	0.315	0.315	0.0027544498443603516	0.11	0.11	0.01243734359741211	0.25	0.25	0.01898503303527832	0.25	0.25	390.90406584739685	0.26	0.26	5.661541938781738	0.285	0.285	5.183219909667969	0.16	0.16	8.562692403793335	0.16	0.16	13.532977819442749	0.15	0.15	2.1970880031585693	S	70
0.255	0.255	0.004845380783081055	0.27	0.27	0.05401730537414551	0.265	0.265	0.6157689094543457	0.3	0.3	6.3653552532196045	0.17	0.17	0.0037927627563476562	0.295	0.295	0.03266596794128418	0.25	0.25	0.003020763397216797	0.14	0.14	0.011246919631958008	0.27	0.27	0.010019302368164062	0.27	0.27	536.2429459095001	0.255	0.255	6.489887475967407	0.26	0.26	6.158748388290405	0.14	0.14	9.58094334602356	0.14	0.14	14.144042015075684	0.19	0.19	2.8934082984924316	S	71
0.235	0.235	0.004395246505737305	0.27	0.27	0.034362077713012695	0.225	0.225	0.5015263557434082	0.275	0.275	6.425812005996704	0.205	0.205	0.004919767379760742	0.275	0.275	0.054837942123413086	0.265	0.265	0.0059719085693359375	0.16	0.16	0.019343137741088867	0.195	0.195	0.008806228637695312	0.195	0.195	524.2152948379517	0.235	0.235	6.805982828140259	0.275	0.275	6.486391305923462	0.1	0.1	8.802543878555298	0.1	0.1	13.428978204727173	0.21	0.21	2.6523823738098145	S	72
0.295	0.295	0.004133701324462891	0.285	0.285	0.036309003829956055	0.255	0.255	0.493558406829834	0.29	0.29	6.522622346878052	0.21	0.21	0.005331754684448242	0.24	0.24	0.07513880729675293	0.22	0.22	0.0042781829833984375	0.195	0.195	0.02399897575378418	0.21	0.21	0.015526771545410156	0.21	0.21	535.6443870067596	0.295	0.295	6.865715503692627	0.245	0.245	7.4639410972595215	0.105	0.105	7.493542432785034	0.105	0.105	13.378188371658325	0.21	0.21	2.263848304748535	S	73
0.21	0.21	0.005545616149902344	0.275	0.275	0.055291175842285156	0.26	0.26	0.5421607494354248	0.325	0.325	4.7814812660217285	0.24	0.24	0.005955219268798828	0.275	0.275	0.10740399360656738	0.365	0.365	0.015611648559570312	0.185	0.185	0.031610965728759766	0.18	0.18	0.017436742782592773	0.18	0.18	479.61025524139404	0.265	0.265	6.725298166275024	0.205	0.205	6.31717324256897	0.18	0.18	9.918797731399536	0.18	0.18	12.266180515289307	0.175	0.175	2.9817287921905518	S	74
0.315	0.315	0.01318979263305664	0.34	0.34	0.0750434398651123	0.295	0.295	0.6457710266113281	0.285	0.285	6.53841757774353	0.27	0.27	0.004898786544799805	0.325	0.325	0.05240607261657715	0.37	0.37	0.0027289390563964844	0.155	0.155	0.026795387268066406	0.18	0.18	0.019259929656982422	0.18	0.18	561.6641039848328	0.235	0.235	5.705597877502441	0.215	0.215	5.922961235046387	0.115	0.115	8.277807712554932	0.17	0.17	15.66017484664917	0.135	0.135	2.857797145843506	S	75
0.225	0.225	0.004500150680541992	0.255	0.255	0.0336000919342041	0.24	0.24	0.512078046798706	0.235	0.235	6.067525625228882	0.205	0.205	0.0050885677337646484	0.24	0.24	0.0699150562286377	0.265	0.265	0.006476402282714844	0.195	0.195	0.012660503387451172	0.17	0.17	0.009192943572998047	0.17	0.17	491.70719742774963	0.175	0.175	6.747140645980835	0.235	0.235	6.140946388244629	0.08	0.08	7.436300039291382	0.08	0.08	13.585570573806763	0.195	0.195	2.0471506118774414	S	76
0.2	0.2	0.005434274673461914	0.325	0.325	0.03271651268005371	0.28	0.28	0.47993946075439453	0.295	0.295	4.827178955078125	0.25	0.25	0.005541563034057617	0.29	0.29	0.15433430671691895	0.345	0.345	0.0028553009033203125	0.16	0.16	0.012225866317749023	0.23	0.23	0.008715391159057617	0.23	0.23	540.4285254478455	0.29	0.29	6.037485122680664	0.28	0.28	6.456771373748779	0.18	0.18	8.582506656646729	0.23	0.23	14.542372226715088	0.16	0.16	2.195584774017334	S	77
0.22	0.22	0.005667448043823242	0.255	0.255	0.07590746879577637	0.195	0.195	0.6166799068450928	0.26	0.26	5.722557783126831	0.205	0.205	0.004427433013916016	0.3	0.3	0.04304075241088867	0.305	0.305	0.002594470977783203	0.195	0.195	0.010932445526123047	0.185	0.185	0.006070613861083984	0.185	0.185	549.9275422096252	0.235	0.235	6.879940509796143	0.25	0.25	6.27251672744751	0.14	0.14	8.541479349136353	0.14	0.14	11.91156005859375	0.105	0.105	2.479674816131592	S	78
0.315	0.315	0.00536346435546875	0.345	0.345	0.09098696708679199	0.29	0.29	0.5998249053955078	0.25	0.25	6.140760660171509	0.27	0.27	0.0043756961822509766	0.295	0.295	0.12848210334777832	0.35	0.35	0.003100156784057617	0.105	0.105	0.012124300003051758	0.255	0.255	0.01800394058227539	0.255	0.255	480.72306871414185	0.31	0.31	5.112033843994141	0.32	0.32	6.397170066833496	0.18	0.18	8.403334379196167	0.18	0.18	13.791539669036865	0.225	0.225	2.161597728729248	S	79
