signature	seed	sklearn_dt_f1-micro	sklearn_dt_accuracy	sklearn_dt_time	sklearn_rf_f1-micro	sklearn_rf_accuracy	sklearn_rf_time	product_dt_f1-micro	product_dt_accuracy	product_dt_time	product_rf_f1-micro	product_rf_accuracy	product_rf_time	tangent_dt_f1-micro	tangent_dt_accuracy	tangent_dt_time	tangent_rf_f1-micro	tangent_rf_accuracy	tangent_rf_time	knn_f1-micro	knn_accuracy	knn_time	ps_perceptron_f1-micro	ps_perceptron_accuracy	ps_perceptron_time	tangent_mlp_f1-micro	tangent_mlp_accuracy	tangent_mlp_time	ambient_mlp_f1-micro	ambient_mlp_accuracy	ambient_mlp_time	tangent_gnn_f1-micro	tangent_gnn_accuracy	tangent_gnn_time	ambient_gnn_f1-micro	ambient_gnn_accuracy	ambient_gnn_time
HH	0	0.285	0.285	0.0022537708282470703	0.33	0.33	0.028404712677001953	0.345	0.345	0.010430335998535156	0.35	0.35	0.11069154739379883	0.25	0.25	0.0014922618865966797	0.385	0.385	0.027215242385864258	0.365	0.365	0.6255104541778564	0.13	0.13	0.016557931900024414	0.36	0.36	0.7323954105377197	0.42	0.42	0.8071095943450928	0.185	0.185	5.2447686195373535	0.175	0.175	5.212110280990601
HH	1	0.32	0.32	0.001955270767211914	0.37	0.37	0.02666759490966797	0.35	0.35	0.01103067398071289	0.345	0.345	0.11814165115356445	0.355	0.355	0.0014805793762207031	0.365	0.365	0.027457475662231445	0.375	0.375	0.004349231719970703	0.28	0.28	0.011781454086303711	0.325	0.325	0.7468936443328857	0.36	0.36	0.7701683044433594	0.23	0.23	5.255502223968506	0.16	0.16	5.257706642150879
HH	2	0.34	0.34	0.0019507408142089844	0.395	0.395	0.02823472023010254	0.39	0.39	0.010421037673950195	0.365	0.365	0.11275911331176758	0.345	0.345	0.0014693737030029297	0.45	0.45	0.02848958969116211	0.49	0.49	0.004611492156982422	0.12	0.12	0.011982202529907227	0.335	0.335	0.7316470146179199	0.34	0.34	0.7602641582489014	0.15	0.15	5.206454277038574	0.12	0.12	5.216497421264648
HH	3	0.24	0.24	0.0019996166229248047	0.295	0.295	0.027325868606567383	0.285	0.285	0.010302305221557617	0.36	0.36	0.11567044258117676	0.235	0.235	0.001491546630859375	0.335	0.335	0.027057409286499023	0.42	0.42	0.0033292770385742188	0.11	0.11	0.01182413101196289	0.385	0.385	0.7475385665893555	0.44	0.44	0.7565515041351318	0.225	0.225	5.211113214492798	0.225	0.225	5.218756198883057
HH	4	0.27	0.27	0.0019538402557373047	0.33	0.33	0.026671171188354492	0.245	0.245	0.010963201522827148	0.37	0.37	0.1166837215423584	0.255	0.255	0.0014407634735107422	0.31	0.31	0.02801203727722168	0.425	0.425	0.0032875537872314453	0.15	0.15	0.012003898620605469	0.365	0.365	0.7484383583068848	0.36	0.36	0.765148401260376	0.13	0.13	5.223689794540405	0.2	0.2	5.225290060043335
HH	5	0.255	0.255	0.0019736289978027344	0.325	0.325	0.02713632583618164	0.325	0.325	0.010296344757080078	0.285	0.285	0.11259865760803223	0.26	0.26	0.0014765262603759766	0.295	0.295	0.02689957618713379	0.405	0.405	0.003484964370727539	0.125	0.125	0.011889219284057617	0.405	0.405	0.7331476211547852	0.415	0.415	0.7612912654876709	0.16	0.16	5.214153051376343	0.135	0.135	5.221668243408203
HH	6	0.265	0.265	0.0019707679748535156	0.36	0.36	0.027643442153930664	0.28	0.28	0.010356664657592773	0.325	0.325	0.1141366958618164	0.305	0.305	0.0014495849609375	0.33	0.33	0.028603315353393555	0.315	0.315	0.005469322204589844	0.15	0.15	0.012511968612670898	0.29	0.29	0.737504243850708	0.3	0.3	0.77091383934021	0.22	0.22	5.219676494598389	0.245	0.245	5.228517532348633
HH	7	0.295	0.295	0.0019481182098388672	0.33	0.33	0.026799678802490234	0.31	0.31	0.010756492614746094	0.375	0.375	0.11675405502319336	0.335	0.335	0.0015106201171875	0.365	0.365	0.027607202529907227	0.375	0.375	0.003651142120361328	0.14	0.14	0.012003421783447266	0.325	0.325	0.7288939952850342	0.34	0.34	0.7650606632232666	0.23	0.23	5.217879056930542	0.255	0.255	5.232698917388916
HH	8	0.365	0.365	0.001997709274291992	0.405	0.405	0.027379989624023438	0.4	0.4	0.010440587997436523	0.395	0.395	0.11386394500732422	0.395	0.395	0.0014421939849853516	0.425	0.425	0.02719259262084961	0.43	0.43	0.003628969192504883	0.25	0.25	0.012174367904663086	0.405	0.405	0.7280924320220947	0.42	0.42	0.7981157302856445	0.095	0.095	5.2210657596588135	0.1	0.1	5.214080333709717
HH	9	0.265	0.265	0.001931905746459961	0.34	0.34	0.028087615966796875	0.25	0.25	0.009488582611083984	0.395	0.395	0.11124563217163086	0.265	0.265	0.0014870166778564453	0.315	0.315	0.02635478973388672	0.42	0.42	0.003377676010131836	0.16	0.16	0.01188206672668457	0.34	0.34	0.7307553291320801	0.39	0.39	0.7640972137451172	0.185	0.185	5.213892459869385	0.235	0.235	5.2216503620147705
HE	10	0.315	0.315	0.0017313957214355469	0.36	0.36	0.028980255126953125	0.365	0.365	0.010558605194091797	0.365	0.365	0.1096341609954834	0.32	0.32	0.0014238357543945312	0.37	0.37	0.02716994285583496	0.395	0.395	0.0031251907348632812	0.35	0.35	0.012485742568969727	0.325	0.325	0.7268166542053223	0.44	0.44	0.7666513919830322	0.285	0.285	5.217021226882935	0.195	0.195	5.225485801696777
HE	11	0.26	0.26	0.0017304420471191406	0.28	0.28	0.02710270881652832	0.27	0.27	0.009948015213012695	0.32	0.32	0.10929131507873535	0.275	0.275	0.0014841556549072266	0.265	0.265	0.027455568313598633	0.365	0.365	0.0032744407653808594	0.16	0.16	0.011786699295043945	0.32	0.32	0.7314636707305908	0.32	0.32	0.7647438049316406	0.135	0.135	5.216636896133423	0.17	0.17	5.225372552871704
HE	12	0.285	0.285	0.001798868179321289	0.32	0.32	0.02685856819152832	0.295	0.295	0.010562658309936523	0.29	0.29	0.11200094223022461	0.3	0.3	0.0014526844024658203	0.295	0.295	0.026442289352416992	0.365	0.365	0.0030379295349121094	0.195	0.195	0.0117340087890625	0.33	0.33	0.7315595149993896	0.29	0.29	0.790022611618042	0.035	0.035	5.22662091255188	0.125	0.125	5.2275919914245605
HE	13	0.235	0.235	0.0017447471618652344	0.295	0.295	0.027217864990234375	0.25	0.25	0.010108709335327148	0.33	0.33	0.11327528953552246	0.185	0.185	0.0014557838439941406	0.275	0.275	0.026477575302124023	0.315	0.315	0.0031430721282958984	0.14	0.14	0.011815786361694336	0.26	0.26	0.7311711311340332	0.325	0.325	0.775867223739624	0.225	0.225	5.2180867195129395	0.28	0.28	5.217368125915527
HE	14	0.375	0.375	0.0017447471618652344	0.395	0.395	0.027209758758544922	0.36	0.36	0.010044574737548828	0.41	0.41	0.1102457046508789	0.345	0.345	0.0014424324035644531	0.415	0.415	0.026303768157958984	0.51	0.51	0.0029726028442382812	0.145	0.145	0.011791229248046875	0.475	0.475	0.7312562465667725	0.475	0.475	0.7580893039703369	0.135	0.135	5.221125364303589	0.23	0.23	5.222004413604736
HE	15	0.385	0.385	0.001729726791381836	0.385	0.385	0.027576684951782227	0.375	0.375	0.010039567947387695	0.385	0.385	0.10813403129577637	0.37	0.37	0.0014698505401611328	0.345	0.345	0.02759242057800293	0.44	0.44	0.003016233444213867	0.28	0.28	0.011670351028442383	0.395	0.395	0.7206223011016846	0.37	0.37	0.7643365859985352	0.235	0.235	5.217731237411499	0.245	0.245	5.22639536857605
HE	16	0.365	0.365	0.0017094612121582031	0.35	0.35	0.02650737762451172	0.44	0.44	0.009772300720214844	0.445	0.445	0.1093592643737793	0.345	0.345	0.0014643669128417969	0.38	0.38	0.026431798934936523	0.425	0.425	0.0030739307403564453	0.24	0.24	0.011810064315795898	0.32	0.32	0.7248225212097168	0.43	0.43	0.7472527027130127	0.135	0.135	5.218397855758667	0.145	0.145	5.224721431732178
HE	17	0.315	0.315	0.0017423629760742188	0.4	0.4	0.027675390243530273	0.385	0.385	0.009982585906982422	0.365	0.365	0.10882902145385742	0.34	0.34	0.0014727115631103516	0.395	0.395	0.02807760238647461	0.465	0.465	0.003194093704223633	0.24	0.24	0.012810468673706055	0.39	0.39	0.7484338283538818	0.435	0.435	0.7582879066467285	0.335	0.335	5.224097967147827	0.155	0.155	5.229354619979858
HE	18	0.305	0.305	0.001728057861328125	0.335	0.335	0.02665090560913086	0.28	0.28	0.010213136672973633	0.315	0.315	0.11180663108825684	0.245	0.245	0.0014617443084716797	0.295	0.295	0.026776552200317383	0.38	0.38	0.003045320510864258	0.19	0.19	0.011701345443725586	0.245	0.245	0.7394673824310303	0.335	0.335	0.805661678314209	0.17	0.17	5.2229461669921875	0.165	0.165	5.23124885559082
HE	19	0.405	0.405	0.0017521381378173828	0.45	0.45	0.02745962142944336	0.455	0.455	0.009966611862182617	0.435	0.435	0.11260414123535156	0.46	0.46	0.0014801025390625	0.47	0.47	0.02693033218383789	0.54	0.54	0.0033919811248779297	0.36	0.36	0.01202082633972168	0.46	0.46	0.7267067432403564	0.495	0.495	0.7679314613342285	0.305	0.305	5.226139783859253	0.265	0.265	5.236224174499512
HS	20	0.295	0.295	0.0022313594818115234	0.3	0.3	0.02732563018798828	0.28	0.28	0.009647130966186523	0.325	0.325	0.11016392707824707	0.29	0.29	0.0014994144439697266	0.335	0.335	0.027693986892700195	0.325	0.325	0.003024578094482422	0.16	0.16	0.015954017639160156	0.28	0.28	0.7284820079803467	0.245	0.245	0.7757351398468018	0.21	0.21	5.225397825241089	0.215	0.215	5.229328155517578
HS	21	0.325	0.325	0.001954793930053711	0.32	0.32	0.02644634246826172	0.355	0.355	0.010224342346191406	0.335	0.335	0.10923027992248535	0.32	0.32	0.0014450550079345703	0.35	0.35	0.027101993560791016	0.41	0.41	0.0031075477600097656	0.225	0.225	0.011879444122314453	0.385	0.385	0.7466528415679932	0.455	0.455	0.7693307399749756	0.1	0.1	5.228286027908325	0.295	0.295	5.227572441101074
HS	22	0.295	0.295	0.001979827880859375	0.37	0.37	0.026603221893310547	0.255	0.255	0.009708642959594727	0.36	0.36	0.11099386215209961	0.3	0.3	0.0014526844024658203	0.4	0.4	0.026807785034179688	0.455	0.455	0.0032339096069335938	0.225	0.225	0.01184701919555664	0.38	0.38	0.7220420837402344	0.385	0.385	0.7647542953491211	0.295	0.295	5.2160727977752686	0.185	0.185	5.223344564437866
HS	23	0.32	0.32	0.0019540786743164062	0.35	0.35	0.027686357498168945	0.345	0.345	0.009839057922363281	0.355	0.355	0.10851669311523438	0.345	0.345	0.0014481544494628906	0.39	0.39	0.027111291885375977	0.385	0.385	0.003220081329345703	0.225	0.225	0.011997699737548828	0.375	0.375	0.73091721534729	0.345	0.345	0.7698135375976562	0.315	0.315	5.231600761413574	0.195	0.195	5.236926317214966
HS	24	0.34	0.34	0.001961946487426758	0.375	0.375	0.02695441246032715	0.215	0.215	0.010419368743896484	0.33	0.33	0.11765050888061523	0.31	0.31	0.0014896392822265625	0.35	0.35	0.026915788650512695	0.305	0.305	0.003279447555541992	0.1	0.1	0.012171030044555664	0.31	0.31	0.7460377216339111	0.295	0.295	0.7760453224182129	0.24	0.24	5.23380970954895	0.225	0.225	5.238878011703491
HS	25	0.29	0.29	0.002064943313598633	0.365	0.365	0.02687525749206543	0.355	0.355	0.010366201400756836	0.39	0.39	0.10937023162841797	0.36	0.36	0.0014948844909667969	0.395	0.395	0.026859045028686523	0.455	0.455	0.003136157989501953	0.275	0.275	0.011694192886352539	0.345	0.345	0.7309045791625977	0.465	0.465	0.786684513092041	0.19	0.19	5.231651067733765	0.305	0.305	5.24084734916687
HS	26	0.355	0.355	0.0019712448120117188	0.315	0.315	0.027452945709228516	0.3	0.3	0.014858722686767578	0.425	0.425	0.11476612091064453	0.295	0.295	0.0014836788177490234	0.325	0.325	0.026960134506225586	0.39	0.39	0.0032083988189697266	0.195	0.195	0.012286663055419922	0.33	0.33	0.7359199523925781	0.36	0.36	0.7724072933197021	0.22	0.22	5.2289252281188965	0.24	0.24	5.236735820770264
HS	27	0.32	0.32	0.001958131790161133	0.36	0.36	0.02810502052307129	0.305	0.305	0.010426521301269531	0.375	0.375	0.11203742027282715	0.325	0.325	0.00146484375	0.375	0.375	0.026708602905273438	0.405	0.405	0.0031175613403320312	0.175	0.175	0.012157678604125977	0.325	0.325	0.7472481727600098	0.395	0.395	0.7676088809967041	0.29	0.29	5.229236841201782	0.24	0.24	5.226275205612183
HS	28	0.25	0.25	0.0019462108612060547	0.32	0.32	0.026232481002807617	0.245	0.245	0.009874105453491211	0.355	0.355	0.10709309577941895	0.26	0.26	0.0015044212341308594	0.29	0.29	0.026758193969726562	0.29	0.29	0.003203153610229492	0.225	0.225	0.01185297966003418	0.295	0.295	0.7669670581817627	0.345	0.345	0.8060157299041748	0.07	0.07	5.222365856170654	0.205	0.205	5.230044841766357
HS	29	0.235	0.235	0.001984834671020508	0.29	0.29	0.026238203048706055	0.24	0.24	0.010795831680297852	0.28	0.28	0.11023473739624023	0.27	0.27	0.0014846324920654297	0.29	0.29	0.026638507843017578	0.39	0.39	0.0033197402954101562	0.255	0.255	0.011833667755126953	0.295	0.295	0.724872350692749	0.385	0.385	0.775733470916748	0.235	0.235	5.215173959732056	0.235	0.235	5.211630821228027
SS	30	0.27	0.27	0.00197601318359375	0.345	0.345	0.02798914909362793	0.3	0.3	0.009441375732421875	0.335	0.335	0.10506343841552734	0.3	0.3	0.0014488697052001953	0.315	0.315	0.026906251907348633	0.32	0.32	0.003031015396118164	0.25	0.25	0.011650562286376953	0.265	0.265	0.7364382743835449	0.355	0.355	0.7654438018798828	0.215	0.215	5.231587886810303	0.21	0.21	5.2288453578948975
SS	31	0.33	0.33	0.002004861831665039	0.335	0.335	0.026609182357788086	0.255	0.255	0.009581565856933594	0.31	0.31	0.10432696342468262	0.32	0.32	0.0014410018920898438	0.35	0.35	0.026805400848388672	0.275	0.275	0.003178119659423828	0.195	0.195	0.012319803237915039	0.23	0.23	0.7433333396911621	0.345	0.345	0.792104959487915	0.06	0.06	5.215806007385254	0.06	0.06	5.2129175662994385
SS	32	0.385	0.385	0.001983642578125	0.37	0.37	0.026572704315185547	0.34	0.34	0.00956273078918457	0.37	0.37	0.10438013076782227	0.315	0.315	0.0014896392822265625	0.335	0.335	0.02801370620727539	0.45	0.45	0.0029304027557373047	0.235	0.235	0.014039754867553711	0.265	0.265	0.7159810066223145	0.42	0.42	0.7786188125610352	0.305	0.305	5.222384691238403	0.305	0.305	5.219793796539307
SS	33	0.295	0.295	0.0019605159759521484	0.315	0.315	0.027240753173828125	0.365	0.365	0.009755849838256836	0.395	0.395	0.10454940795898438	0.31	0.31	0.0014684200286865234	0.34	0.34	0.02835679054260254	0.365	0.365	0.0029714107513427734	0.21	0.21	0.012006521224975586	0.26	0.26	0.7669875621795654	0.335	0.335	0.7867026329040527	0.095	0.095	5.226609468460083	0.155	0.155	5.229588031768799
SS	34	0.255	0.255	0.0019512176513671875	0.36	0.36	0.026762008666992188	0.28	0.28	0.00942850112915039	0.345	0.345	0.10280346870422363	0.32	0.32	0.0014448165893554688	0.335	0.335	0.02764582633972168	0.38	0.38	0.0028290748596191406	0.305	0.305	0.011626958847045898	0.335	0.335	0.7312126159667969	0.345	0.345	0.7674670219421387	0.17	0.17	5.221964597702026	0.16	0.16	5.225641965866089
SS	35	0.295	0.295	0.002002716064453125	0.365	0.365	0.02753138542175293	0.35	0.35	0.009560108184814453	0.37	0.37	0.1064457893371582	0.28	0.28	0.001486063003540039	0.31	0.31	0.02647233009338379	0.39	0.39	0.0027146339416503906	0.26	0.26	0.011853456497192383	0.315	0.315	0.736971378326416	0.365	0.365	0.7844240665435791	0.26	0.26	5.2175986766815186	0.245	0.245	5.224667072296143
SS	36	0.305	0.305	0.0021970272064208984	0.35	0.35	0.026716947555541992	0.315	0.315	0.009651422500610352	0.315	0.315	0.10576963424682617	0.305	0.305	0.0014889240264892578	0.28	0.28	0.026775836944580078	0.4	0.4	0.0031571388244628906	0.265	0.265	0.011790275573730469	0.29	0.29	0.7578799724578857	0.39	0.39	0.8030738830566406	0.12	0.12	5.22333836555481	0.12	0.12	5.224045038223267
SS	37	0.3	0.3	0.001947164535522461	0.33	0.33	0.027302980422973633	0.3	0.3	0.009444952011108398	0.335	0.335	0.10521936416625977	0.31	0.31	0.0014727115631103516	0.295	0.295	0.027109622955322266	0.265	0.265	0.0029418468475341797	0.2	0.2	0.011637210845947266	0.265	0.265	0.7605915069580078	0.32	0.32	0.7895739078521729	0.175	0.175	5.2280871868133545	0.22	0.22	5.234182596206665
SS	38	0.38	0.38	0.001947164535522461	0.36	0.36	0.026581287384033203	0.34	0.34	0.009351491928100586	0.37	0.37	0.1054079532623291	0.33	0.33	0.001428365707397461	0.34	0.34	0.027988195419311523	0.43	0.43	0.0029060840606689453	0.32	0.32	0.011667966842651367	0.305	0.305	0.7328145503997803	0.435	0.435	0.7708241939544678	0.25	0.25	5.2267866134643555	0.25	0.25	5.22841215133667
SS	39	0.285	0.285	0.0019526481628417969	0.285	0.285	0.02656698226928711	0.34	0.34	0.009588956832885742	0.305	0.305	0.10443687438964844	0.33	0.33	0.0014755725860595703	0.285	0.285	0.026960134506225586	0.34	0.34	0.0029747486114501953	0.24	0.24	0.012165546417236328	0.27	0.27	0.7649023532867432	0.305	0.305	0.8059182167053223	0.2	0.2	5.221023321151733	0.23	0.23	5.216672658920288
SE	40	0.35	0.35	0.0017375946044921875	0.365	0.365	0.029076337814331055	0.36	0.36	0.009630203247070312	0.385	0.385	0.10537123680114746	0.35	0.35	0.0014770030975341797	0.375	0.375	0.026331424713134766	0.41	0.41	0.003137826919555664	0.225	0.225	0.011751413345336914	0.34	0.34	0.7329707145690918	0.33	0.33	0.7604117393493652	0.185	0.185	5.218034744262695	0.14	0.14	5.226083755493164
SE	41	0.265	0.265	0.0017385482788085938	0.315	0.315	0.02682638168334961	0.295	0.295	0.009784936904907227	0.345	0.345	0.10674858093261719	0.29	0.29	0.0014743804931640625	0.29	0.29	0.02769756317138672	0.35	0.35	0.0028870105743408203	0.24	0.24	0.011851310729980469	0.305	0.305	0.7242147922515869	0.325	0.325	0.7619929313659668	0.1	0.1	5.224603176116943	0.175	0.175	5.2374279499053955
SE	42	0.22	0.22	0.00177764892578125	0.315	0.315	0.027134418487548828	0.3	0.3	0.010113239288330078	0.295	0.295	0.10606765747070312	0.21	0.21	0.0014681816101074219	0.305	0.305	0.027308940887451172	0.285	0.285	0.002840757369995117	0.23	0.23	0.014892816543579102	0.29	0.29	0.7631452083587646	0.345	0.345	0.804175853729248	0.15	0.15	5.22175145149231	0.185	0.185	5.2344069480896
SE	43	0.3	0.3	0.0017306804656982422	0.39	0.39	0.02673625946044922	0.375	0.375	0.009823799133300781	0.425	0.425	0.1064612865447998	0.345	0.345	0.0014460086822509766	0.37	0.37	0.026159286499023438	0.35	0.35	0.002635955810546875	0.325	0.325	0.01203465461730957	0.305	0.305	0.766747236251831	0.33	0.33	0.7965443134307861	0.275	0.275	5.222200632095337	0.275	0.275	5.232030868530273
SE	44	0.315	0.315	0.001710653305053711	0.29	0.29	0.02872610092163086	0.3	0.3	0.00985574722290039	0.34	0.34	0.10548067092895508	0.32	0.32	0.0014295578002929688	0.29	0.29	0.026453256607055664	0.38	0.38	0.002967357635498047	0.25	0.25	0.011682748794555664	0.3	0.3	0.7363307476043701	0.36	0.36	0.7670421600341797	0.13	0.13	5.2269346714019775	0.13	0.13	5.22591757774353
SE	45	0.315	0.315	0.001741170883178711	0.325	0.325	0.027591705322265625	0.29	0.29	0.009931564331054688	0.355	0.355	0.10828328132629395	0.32	0.32	0.0014903545379638672	0.38	0.38	0.02658677101135254	0.395	0.395	0.0027294158935546875	0.15	0.15	0.012207508087158203	0.28	0.28	0.7305936813354492	0.305	0.305	0.7665042877197266	0.18	0.18	5.233534574508667	0.155	0.155	5.2296435832977295
SE	46	0.295	0.295	0.0017545223236083984	0.3	0.3	0.026278257369995117	0.29	0.29	0.010354995727539062	0.29	0.29	0.10687041282653809	0.305	0.305	0.0014774799346923828	0.315	0.315	0.026419401168823242	0.27	0.27	0.0027742385864257812	0.225	0.225	0.012914180755615234	0.265	0.265	0.7483561038970947	0.265	0.265	0.7822012901306152	0.14	0.14	5.226908206939697	0.18	0.18	5.232541799545288
SE	47	0.325	0.325	0.0017499923706054688	0.335	0.335	0.026555299758911133	0.25	0.25	0.009684085845947266	0.33	0.33	0.10695242881774902	0.275	0.275	0.0015189647674560547	0.325	0.325	0.027115345001220703	0.335	0.335	0.0029234886169433594	0.27	0.27	0.012740135192871094	0.29	0.29	0.744638204574585	0.355	0.355	0.7968080043792725	0.22	0.22	5.222397565841675	0.215	0.215	5.236105442047119
SE	48	0.255	0.255	0.0017180442810058594	0.3	0.3	0.026317596435546875	0.27	0.27	0.009863138198852539	0.315	0.315	0.10621047019958496	0.29	0.29	0.0014224052429199219	0.285	0.285	0.02812504768371582	0.385	0.385	0.0026862621307373047	0.14	0.14	0.017900705337524414	0.29	0.29	0.7265419960021973	0.34	0.34	0.7890894412994385	0.12	0.12	5.22732949256897	0.12	0.12	5.236760854721069
SE	49	0.36	0.36	0.0017237663269042969	0.37	0.37	0.02687978744506836	0.365	0.365	0.00971078872680664	0.365	0.365	0.10787010192871094	0.345	0.345	0.0014913082122802734	0.365	0.365	0.02672433853149414	0.415	0.415	0.002862215042114258	0.315	0.315	0.011569499969482422	0.29	0.29	0.7353718280792236	0.39	0.39	0.8212969303131104	0.24	0.24	5.2613701820373535	0.23	0.23	5.223352909088135
H	50	0.23	0.23	0.0018527507781982422	0.32	0.32	0.027118444442749023	0.285	0.285	0.01061248779296875	0.325	0.325	0.11127352714538574	0.24	0.24	0.0014660358428955078	0.345	0.345	0.02638697624206543	0.475	0.475	0.004145622253417969	0.17	0.17	0.012243270874023438	0.42	0.42	0.744354248046875	0.425	0.425	0.774860143661499	0.23	0.23	5.225286960601807	0.265	0.265	5.230576038360596
H	51	0.315	0.315	0.0017552375793457031	0.35	0.35	0.027236461639404297	0.295	0.295	0.010575294494628906	0.38	0.38	0.10756683349609375	0.335	0.335	0.0014753341674804688	0.37	0.37	0.02706456184387207	0.42	0.42	0.002705812454223633	0.17	0.17	0.011275529861450195	0.455	0.455	0.7291388511657715	0.45	0.45	0.7689533233642578	0.25	0.25	5.2330641746521	0.275	0.275	5.238434076309204
H	52	0.295	0.295	0.0017845630645751953	0.345	0.345	0.02695941925048828	0.345	0.345	0.010447025299072266	0.37	0.37	0.11113572120666504	0.285	0.285	0.001447916030883789	0.345	0.345	0.026759624481201172	0.335	0.335	0.002753019332885742	0.115	0.115	0.011791706085205078	0.39	0.39	0.7332322597503662	0.395	0.395	0.7666265964508057	0.25	0.25	5.223053693771362	0.285	0.285	5.22709059715271
H	53	0.255	0.255	0.0017344951629638672	0.295	0.295	0.026595592498779297	0.32	0.32	0.010998725891113281	0.375	0.375	0.11514639854431152	0.28	0.28	0.0014820098876953125	0.36	0.36	0.026700735092163086	0.39	0.39	0.002780914306640625	0.165	0.165	0.011889219284057617	0.425	0.425	0.7426385879516602	0.435	0.435	0.7679924964904785	0.23	0.23	5.229710102081299	0.245	0.245	5.225651264190674
H	54	0.33	0.33	0.0017452239990234375	0.36	0.36	0.02654099464416504	0.31	0.31	0.010097503662109375	0.395	0.395	0.11220741271972656	0.35	0.35	0.0014500617980957031	0.35	0.35	0.029453516006469727	0.46	0.46	0.002766132354736328	0.155	0.155	0.011574745178222656	0.495	0.495	0.7437493801116943	0.495	0.495	0.7948806285858154	0.285	0.285	5.221846342086792	0.25	0.25	5.216619253158569
H	55	0.375	0.375	0.0017387866973876953	0.365	0.365	0.02791595458984375	0.385	0.385	0.010485649108886719	0.445	0.445	0.11273670196533203	0.365	0.365	0.0014874935150146484	0.405	0.405	0.027408838272094727	0.48	0.48	0.002774953842163086	0.13	0.13	0.011783361434936523	0.44	0.44	0.7407686710357666	0.47	0.47	0.7655353546142578	0.25	0.25	5.2276291847229	0.245	0.245	5.225393056869507
H	56	0.335	0.335	0.0017218589782714844	0.355	0.355	0.027289867401123047	0.37	0.37	0.01104593276977539	0.435	0.435	0.12049579620361328	0.335	0.335	0.0014882087707519531	0.385	0.385	0.027898550033569336	0.465	0.465	0.0028460025787353516	0.15	0.15	0.012211799621582031	0.46	0.46	0.7276298999786377	0.495	0.495	0.7509875297546387	0.28	0.28	5.212143898010254	0.195	0.195	5.21269154548645
H	57	0.25	0.25	0.0017066001892089844	0.31	0.31	0.027647972106933594	0.28	0.28	0.010815858840942383	0.32	0.32	0.11451482772827148	0.26	0.26	0.001447439193725586	0.31	0.31	0.026662826538085938	0.415	0.415	0.0027027130126953125	0.16	0.16	0.011217832565307617	0.38	0.38	0.7396945953369141	0.405	0.405	0.7486484050750732	0.225	0.225	5.216792345046997	0.24	0.24	5.2177839279174805
H	58	0.49	0.49	0.0017910003662109375	0.495	0.495	0.0273284912109375	0.51	0.51	0.010497093200683594	0.52	0.52	0.11421775817871094	0.49	0.49	0.0014543533325195312	0.5	0.5	0.026479244232177734	0.55	0.55	0.002768993377685547	0.095	0.095	0.012125968933105469	0.525	0.525	0.752385139465332	0.475	0.475	0.7731006145477295	0.475	0.475	5.233044624328613	0.465	0.465	5.2248828411102295
H	59	0.305	0.305	0.0017328262329101562	0.325	0.325	0.026280879974365234	0.29	0.29	0.010117053985595703	0.365	0.365	0.11146831512451172	0.27	0.27	0.0014657974243164062	0.36	0.36	0.02707362174987793	0.42	0.42	0.00286865234375	0.14	0.14	0.011652946472167969	0.41	0.41	0.7241928577423096	0.375	0.375	0.7671282291412354	0.27	0.27	5.227002859115601	0.31	0.31	5.223387002944946
E	60	0.245	0.245	0.0014829635620117188	0.245	0.245	0.027606487274169922	0.26	0.26	0.009885549545288086	0.245	0.245	0.1050424575805664	0.245	0.245	0.0014882087707519531	0.245	0.245	0.02681279182434082	0.38	0.38	0.0025064945220947266	0.175	0.175	0.013521432876586914	0.26	0.26	0.7294611930847168	0.37	0.37	0.7753751277923584	0.25	0.25	5.220758676528931	0.25	0.25	5.232044458389282
E	61	0.26	0.26	0.001474142074584961	0.255	0.255	0.02776646614074707	0.265	0.265	0.009916543960571289	0.27	0.27	0.10835123062133789	0.26	0.26	0.0014042854309082031	0.255	0.255	0.02668905258178711	0.36	0.36	0.002347230911254883	0.25	0.25	0.013228416442871094	0.32	0.32	0.7219257354736328	0.405	0.405	0.7710258960723877	0.27	0.27	5.224700689315796	0.27	0.27	5.221265554428101
E	62	0.23	0.23	0.0015125274658203125	0.25	0.25	0.02710270881652832	0.245	0.245	0.011447429656982422	0.315	0.315	0.10920119285583496	0.23	0.23	0.0014538764953613281	0.25	0.25	0.026613473892211914	0.385	0.385	0.0024118423461914062	0.24	0.24	0.011420726776123047	0.32	0.32	0.752439022064209	0.375	0.375	0.7899832725524902	0.255	0.255	5.224641799926758	0.255	0.255	5.230655193328857
E	63	0.31	0.31	0.0014674663543701172	0.36	0.36	0.026708126068115234	0.25	0.25	0.010358572006225586	0.335	0.335	0.11026644706726074	0.31	0.31	0.001424551010131836	0.36	0.36	0.026854991912841797	0.37	0.37	0.0023179054260253906	0.13	0.13	0.012326717376708984	0.265	0.265	0.7273209095001221	0.285	0.285	0.7680573463439941	0.27	0.27	5.213974714279175	0.27	0.27	5.224426984786987
E	64	0.295	0.295	0.0015184879302978516	0.31	0.31	0.02729034423828125	0.28	0.28	0.010045051574707031	0.315	0.315	0.10764718055725098	0.295	0.295	0.0015249252319335938	0.31	0.31	0.026783227920532227	0.365	0.365	0.002408266067504883	0.185	0.185	0.011507034301757812	0.355	0.355	0.7242646217346191	0.37	0.37	0.7549588680267334	0.13	0.13	5.2139575481414795	0.13	0.13	5.235062599182129
E	65	0.29	0.29	0.0014910697937011719	0.36	0.36	0.026865720748901367	0.355	0.355	0.010035514831542969	0.375	0.375	0.10940170288085938	0.29	0.29	0.0014901161193847656	0.36	0.36	0.027825355529785156	0.37	0.37	0.0023953914642333984	0.33	0.33	0.011441707611083984	0.27	0.27	0.7367534637451172	0.32	0.32	0.7653334140777588	0.215	0.215	5.224411487579346	0.215	0.215	5.221081972122192
E	66	0.285	0.285	0.0014770030975341797	0.325	0.325	0.028345346450805664	0.335	0.335	0.01006174087524414	0.34	0.34	0.1078653335571289	0.285	0.285	0.0014460086822509766	0.325	0.325	0.02650165557861328	0.345	0.345	0.0024003982543945312	0.22	0.22	0.01719212532043457	0.335	0.335	0.72548508644104	0.345	0.345	0.7847981452941895	0.315	0.315	5.2292540073394775	0.315	0.315	5.241731882095337
E	67	0.245	0.245	0.001527547836303711	0.265	0.265	0.02727365493774414	0.26	0.26	0.010291814804077148	0.25	0.25	0.11070632934570312	0.245	0.245	0.0014705657958984375	0.265	0.265	0.026615619659423828	0.34	0.34	0.002475738525390625	0.21	0.21	0.019799470901489258	0.285	0.285	0.7467086315155029	0.34	0.34	0.7659516334533691	0.265	0.265	5.22715163230896	0.265	0.265	5.233112335205078
E	68	0.37	0.37	0.0015003681182861328	0.415	0.415	0.02635025978088379	0.42	0.42	0.010034561157226562	0.44	0.44	0.10854363441467285	0.37	0.37	0.0014617443084716797	0.415	0.415	0.027727365493774414	0.385	0.385	0.0024907588958740234	0.355	0.355	0.011833429336547852	0.34	0.34	0.7377407550811768	0.37	0.37	0.7727077007293701	0.385	0.385	5.21918797492981	0.385	0.385	5.226213693618774
E	69	0.275	0.275	0.0014789104461669922	0.325	0.325	0.026455163955688477	0.3	0.3	0.00990438461303711	0.37	0.37	0.10744690895080566	0.275	0.275	0.001478433609008789	0.325	0.325	0.02681589126586914	0.35	0.35	0.0025141239166259766	0.22	0.22	0.011752128601074219	0.36	0.36	0.7183983325958252	0.34	0.34	0.775914192199707	0.205	0.205	5.232638597488403	0.205	0.205	5.235961675643921
S	70	0.215	0.215	0.0017611980438232422	0.26	0.26	0.026813983917236328	0.245	0.245	0.009917020797729492	0.285	0.285	0.10539603233337402	0.265	0.265	0.0014829635620117188	0.27	0.27	0.02690601348876953	0.29	0.29	0.0025207996368408203	0.16	0.16	0.01104426383972168	0.24	0.24	0.7210993766784668	0.285	0.285	0.7485768795013428	0.24	0.24	5.218240737915039	0.24	0.24	5.226726770401001
S	71	0.21	0.21	0.0017299652099609375	0.28	0.28	0.02718329429626465	0.24	0.24	0.009735822677612305	0.275	0.275	0.10286259651184082	0.285	0.285	0.0014796257019042969	0.315	0.315	0.026736974716186523	0.28	0.28	0.0022912025451660156	0.175	0.175	0.0111083984375	0.225	0.225	0.7125430107116699	0.32	0.32	0.7495265007019043	0.105	0.105	5.2128307819366455	0.14	0.14	5.227782726287842
S	72	0.195	0.195	0.0017383098602294922	0.27	0.27	0.028872966766357422	0.24	0.24	0.010035276412963867	0.24	0.24	0.10752677917480469	0.2	0.2	0.001512765884399414	0.2	0.2	0.0267636775970459	0.325	0.325	0.0027594566345214844	0.16	0.16	0.011535882949829102	0.215	0.215	0.7244873046875	0.305	0.305	0.7637500762939453	0.12	0.12	5.2202088832855225	0.12	0.12	5.223722696304321
S	73	0.27	0.27	0.0017414093017578125	0.225	0.225	0.02667999267578125	0.255	0.255	0.009944438934326172	0.285	0.285	0.10733366012573242	0.285	0.285	0.001485586166381836	0.29	0.29	0.026975154876708984	0.295	0.295	0.0024602413177490234	0.15	0.15	0.011569976806640625	0.185	0.185	0.7235283851623535	0.285	0.285	0.7739396095275879	0.105	0.105	5.229448080062866	0.105	0.105	5.230101823806763
S	74	0.19	0.19	0.0017194747924804688	0.2	0.2	0.026634931564331055	0.2	0.2	0.010172843933105469	0.17	0.17	0.1101987361907959	0.2	0.2	0.0015168190002441406	0.165	0.165	0.026571989059448242	0.325	0.325	0.0026106834411621094	0.14	0.14	0.01188969612121582	0.23	0.23	0.7426974773406982	0.34	0.34	0.7595276832580566	0.115	0.115	5.217216730117798	0.11	0.11	5.228359937667847
S	75	0.24	0.24	0.0017056465148925781	0.22	0.22	0.026854276657104492	0.175	0.175	0.009852409362792969	0.225	0.225	0.10557675361633301	0.175	0.175	0.0014185905456542969	0.21	0.21	0.026241064071655273	0.365	0.365	0.0025234222412109375	0.12	0.12	0.011271238327026367	0.215	0.215	0.7085301876068115	0.335	0.335	0.760298490524292	0.1	0.1	5.2183451652526855	0.1	0.1	5.217301845550537
S	76	0.22	0.22	0.001775503158569336	0.245	0.245	0.026432037353515625	0.175	0.175	0.009924888610839844	0.26	0.26	0.10572934150695801	0.14	0.14	0.0014564990997314453	0.25	0.25	0.02678394317626953	0.31	0.31	0.0024139881134033203	0.16	0.16	0.011107206344604492	0.255	0.255	0.7297773361206055	0.25	0.25	0.7684919834136963	0.15	0.15	5.219544172286987	0.145	0.145	5.219033718109131
S	77	0.165	0.165	0.0017352104187011719	0.2	0.2	0.027161598205566406	0.21	0.21	0.009772539138793945	0.26	0.26	0.10412836074829102	0.165	0.165	0.0014579296112060547	0.185	0.185	0.026430368423461914	0.315	0.315	0.0022542476654052734	0.195	0.195	0.011851787567138672	0.2	0.2	0.7200636863708496	0.27	0.27	0.7621645927429199	0.17	0.17	5.23324728012085	0.17	0.17	5.2365710735321045
S	78	0.18	0.18	0.0017704963684082031	0.25	0.25	0.02702045440673828	0.27	0.27	0.010104894638061523	0.25	0.25	0.10956716537475586	0.18	0.18	0.001523733139038086	0.215	0.215	0.02732229232788086	0.33	0.33	0.0026428699493408203	0.16	0.16	0.011879205703735352	0.255	0.255	0.7251183986663818	0.335	0.335	0.7600357532501221	0.125	0.125	5.212834358215332	0.115	0.115	5.213311672210693
S	79	0.23	0.23	0.0017554759979248047	0.31	0.31	0.02822732925415039	0.245	0.245	0.010257959365844727	0.295	0.295	0.11073493957519531	0.255	0.255	0.0014824867248535156	0.3	0.3	0.02696371078491211	0.32	0.32	0.0027816295623779297	0.13	0.13	0.011780500411987305	0.275	0.275	0.7302882671356201	0.33	0.33	0.7594106197357178	0.085	0.085	5.224655866622925	0.085	0.085	5.22432279586792
